id_1	id_2	feature	comment	stimulus	variable	speaker	village	sentence	comment_speaker	alternative	comment_sentence	question	problem
		адвербиалис демонстратива		Оказалось, что это он	-рарэу	16	Джамбечий	*морарэу къыч1эк1ыгъ					разные местоимения
		адвербиалис демонстратива		Оказалось, что это он	-рарэу	14	Уляп	*мыр зиш1ар морарау къыч1ъэк1а					разные местоимения
		адвербиалис демонстратива		Оказалось, что это он	-рарэу	17	Натухай	*уаурарэу къык1эк1ьыжьыгъ					разные местоимения
24		адвербиалис демонстратива		Оказалось, что это он	-рарэу	11	Нешукай	*мырарэу къыч1эк1ыгъ					разные местоимения
		адвербиалис демонстратива		Оказалось, что это он	-рэу	16	Джамбечий	морэу къыч1эк1ыгъ					разные местоимения
		адвербиалис демонстратива		Оказалось, что это он	-рэу	14	Уляп	мыр зиш1ар морау къыч1ъэк1а					разные местоимения
24		адвербиалис демонстратива		Оказалось, что это он	-рэу	7	Гатлукай	мамырэу къыхэк1ыгъ					разные местоимения
		адвербиалис демонстратива		Оказалось, что это он	-рэу	17	Натухай	уаурэу къык1эк1ьыжьыгъ					разные местоимения
24		адвербиалис демонстратива		Оказалось, что это он	-рэу	11	Нешукай	мырэу къыч1эк1ыгъ					разные местоимения
		адвербиалис указательного местоимения	ар	Оказалось, что это он	арарэу	16	Джамбечий	*арарэу къыч1эк1ыгъ	бжедуги				
		адвербиалис указательного местоимения	ар	Оказалось, что это он	арарэу	14	Уляп	*мыр арарау къыч1ъэк1а		абырау — есть, но в других местах			
23	b	адвербиалис указательного местоимения	ар	Оказалось, что это он	арарэу	5	Адамий	*арарэу къыхэк1ыгъ					
23	b	адвербиалис указательного местоимения	ар	Оказалось, что это он	арарэу	7	Гатлукай	*арарэу къыхэк1ыгъ		*мамырарэу къыхэк1ыгъ			
		адвербиалис указательного местоимения	ар	Оказалось, что это он	арарэу	17	Натухай	*арарэу къык1эк1ьыжьыгъ					
23	b	адвербиалис указательного местоимения	ар	Оказалось, что это он	арарэу	11	Нешукай	арарэу къыч1эк1ыгъ					
23	b	адвербиалис указательного местоимения	ар	Оказалось, что это он	арарэу	4	Панахес	арарэу къыч1эк1ьыгъ	"арарэу" - того самого				
23	b	адвербиалис указательного местоимения	ар	Оказалось, что это он	арарэу	9	Псекупс	арарэу къыч1эк1ыгъ					
		адвербиалис указательного местоимения	ар	Оказалось, что это он	арэу	16	Джамбечий	арэу къыч1эк1ыгъ		арэущтэу къыч1эк1ыгъ			
		адвербиалис указательного местоимения	ар	Оказалось, что это он	арэу	14	Уляп	мыр арау къыч1ъэк1а		мыр ару къыч1ъэк1а — больше другой диалект			
23	a	адвербиалис указательного местоимения	ар	Оказалось, что это он	арэу	5	Адамий	арэу къыхэк1ыгъ					
		адвербиалис указательного местоимения	ар	Оказалось, что это он	арэу	17	Натухай	арэу къык1эк1ьыжьыгъ					
23	a	адвербиалис указательного местоимения	ар	Оказалось, что это он	арэу	11	Нешукай	арэу къыч1эк1ыгъ		къыч1эмык1ынэу фай — чтобы не вышло			
23	a	адвербиалис указательного местоимения	ар	Оказалось, что это он	арэу	4	Панахес	арэу ч1алэ къыч1эк1ьыгъ					
23	a	адвербиалис указательного местоимения	ар	Оказалось, что это он	арэу	9	Псекупс	арэу къыч1эк1ыгъ					
		бенефактивный послелог		Он для тебя ничего не сделал	ой пае	16	Джамбечий	ой пае зыци ыш1агъэп					
		бенефактивный послелог		Он для тебя ничего не сделал	ой пае	14	Уляп	*папш1э					нет послелога?
		бенефактивный послелог		Он для тебя ничего не сделал	ой пае	17	Натухай	ой пае зи ыш1эщтэп					
7	c	бенефактивный послелог		Он для тебя ничего не сделал	ой пае	11	Нешукай	Ойпай зи ыш1агъэп ай			слитно		
7	c	бенефактивный послелог		Он для тебя ничего не сделал	ой пае	9	Псекупс	ой пае					
		бенефактивный послелог		Он для тебя ничего не сделал	опае	16	Джамбечий	опае зыци ыш1агъэп					
7	d	бенефактивный послелог		Он для тебя ничего не сделал	опае	5	Адамий	Опае зи ш1этэп					
		бенефактивный послелог		Он для тебя ничего не сделал	опае	17	Натухай	опае зи ыш1эщтэп					
7	d	бенефактивный послелог		Он для тебя ничего не сделал	опае	11	Нешукай	*Опай / уапае зи ыш1агъэп ай					
7	d	бенефактивный послелог		Он для тебя ничего не сделал	опае	9	Псекупс	*опае					
		бенефактивный послелог		Он для тебя ничего не сделал	ощ пае	16	Джамбечий	ощ пае зыци ыш1агъэп					
7	b	бенефактивный послелог		Он для тебя ничего не сделал	ощ пае	7	Гатлукай	Мыщ уэщ пае зыцыкъы ыш1агъэп		*Мыщ уэщ пае зыцыкъы ыш1агъэп			ошибка — под звездочкой тот же пример, что и без звездочки
		бенефактивный послелог		Он для тебя ничего не сделал	ощ пае	17	Натухай	ощ пае зи ыш1эщтэп					
7	b	бенефактивный послелог		Он для тебя ничего не сделал	ощ пае	11	Нешукай	Ощпай зи ыш1агъэп ай					
7	b	бенефактивный послелог		Он для тебя ничего не сделал	ощ пае	4	Панахес	Уыщ зи уэщ пhае къэпфиш1агъэп					
7	b	бенефактивный послелог		Он для тебя ничего не сделал	ощ пае	9	Псекупс	Ащ уэщ пае зи къыпфиш1агъэп					
		бенефактивный послелог		Он для тебя ничего не сделал	фэшI	16	Джамбечий	ощ фэш1 зыци ыш1агъэп					
7	a	бенефактивный послелог		Он для тебя ничего не сделал	фэшI	5	Адамий	*	фэсшIэ — но я так не говорю				
7	a	бенефактивный послелог		Он для тебя ничего не сделал	фэшI	7	Гатлукай	*Мыщ уэщ фэш1 зыцыкъы ыш1агъэп					
		бенефактивный послелог		Он для тебя ничего не сделал	фэшI	17	Натухай	*ощ фэш1 зи ыш1эщтэп	ну это литературно				
7	a	бенефактивный послелог		Он для тебя ничего не сделал	фэшI	11	Нешукай	*Ощ / ой /о- фэш1 зи ыш1агъэп ай					
7	a	бенефактивный послелог		Он для тебя ничего не сделал	фэшI	4	Панахес	Уыщ зи уэщ фэш1 къэпфиш1агъэп					
7	a	бенефактивный послелог		Он для тебя ничего не сделал	фэшI	9	Псекупс	Ащ уэй фэш1 зи къыпфиш1агъэп					
		выпадение -r- перед абсолютивом		Вот лошадь, которая на меня смотрит	-рэ	16	Джамбечий	Мары шэу сэ къысэплъырэ					
9	c	выпадение -r- перед абсолютивом		Вот лошадь, которая на меня смотрит	-рэ	5	Адамий	шэу къысэплъэрэ мары	возможно				
9	c	выпадение -r- перед абсолютивом		Вот лошадь, которая на меня смотрит	-рэ	7	Гатлукай	мары шэу къэсэплъырэ					
9	c	выпадение -r- перед абсолютивом		Вот лошадь, которая на меня смотрит	-рэ	11	Нешукай	*Мары шэу къэсэплъырэ					
9	c	выпадение -r- перед абсолютивом		Вот лошадь, которая на меня смотрит	-рэ	4	Панахес	мары шэу къэсэплъырэ					не достоверно
9	c	выпадение -r- перед абсолютивом		Вот лошадь, которая на меня смотрит	-рэ	9	Псекупс	мары шэу къысэплъырэ					
		выпадение -r- перед абсолютивом		Вот лошадь, которая на меня смотрит	-рэр	16	Джамбечий	Мары шэу сэ къысэплъырэр					
9	b	выпадение -r- перед абсолютивом		Вот лошадь, которая на меня смотрит	-рэр	5	Адамий	шэу къысэплъырэр мары					
9	b	выпадение -r- перед абсолютивом		Вот лошадь, которая на меня смотрит	-рэр	7	Гатлукай	мары шэу къэсэплъэрэр					
9	b	выпадение -r- перед абсолютивом		Вот лошадь, которая на меня смотрит	-рэр	11	Нешукай	Мары шэу къэсэплъырэр					
9	b	выпадение -r- перед абсолютивом		Вот лошадь, которая на меня смотрит	-рэр	4	Панахес	мары шэу къэсэплъырэр					не достоверно
9	b	выпадение -r- перед абсолютивом		Вот лошадь, которая на меня смотрит	-рэр	9	Псекупс	мары шэу къысэплъырэр					
		выпадение -r- перед абсолютивом		Вот лошадь, которая на меня смотрит	-э	16	Джамбечий	*Мары шэу сэ къысэплъэ					
9	d	выпадение -r- перед абсолютивом		Вот лошадь, которая на меня смотрит	-э	5	Адамий	*					
9	d	выпадение -r- перед абсолютивом		Вот лошадь, которая на меня смотрит	-э	7	Гатлукай	*мары шэу къэсэплъээ					
9	d	выпадение -r- перед абсолютивом		Вот лошадь, которая на меня смотрит	-э	11	Нешукай	Мары шэу къэсэплъэ					
9	d	выпадение -r- перед абсолютивом		Вот лошадь, которая на меня смотрит	-э	4	Панахес	мары шэу къэсэплъээ					не достоверно
9	d	выпадение -r- перед абсолютивом		Вот лошадь, которая на меня смотрит	-э	9	Псекупс	мары шэу къысэплъэ					
		выпадение -r- перед абсолютивом		Вот лошадь, которая на меня смотрит	-эр	16	Джамбечий	*Мары шэу сэ къысэплъэр					
		выпадение -r- перед абсолютивом		Вот лошадь, которая на меня смотрит	-эр	14	Уляп	Мис шыу [wə] сэ къызэплъыр		къызэплъым — той, которая смотрит			не то
9	a	выпадение -r- перед абсолютивом		Вот лошадь, которая на меня смотрит	-эр	5	Адамий	*					
9	a	выпадение -r- перед абсолютивом		Вот лошадь, которая на меня смотрит	-эр	7	Гатлукай	*мары шэу къэсэплъээр					
9	a	выпадение -r- перед абсолютивом		Вот лошадь, которая на меня смотрит	-эр	11	Нешукай	Мары шэу къэсэплъэр					
9	a	выпадение -r- перед абсолютивом		Вот лошадь, которая на меня смотрит	-эр	4	Панахес	*мары шэу къэсэплъыэр					не достоверно
9	a	выпадение -r- перед абсолютивом		Вот лошадь, которая на меня смотрит	-эр	9	Псекупс	мары шэу къысэплъэр					
		выпадение -r- перед отрицанием в настоящем времени		Я никого не вижу	-эп	16	Джамбечий	Сэ зыци слъэгъуэп					
		выпадение -r- перед отрицанием в настоящем времени		Я никого не вижу	-эп	14	Уляп	Сэ зыпари слъагъукъым					
26	a	выпадение -r- перед отрицанием в настоящем времени		Я никого не вижу	-эп	5	Адамий	зи слъэгъуэп					
26	a	выпадение -r- перед отрицанием в настоящем времени		Я никого не вижу	-эп	7	Гатлукай	*сэ зыцыкъэ слъэгъуэп					
		выпадение -r- перед отрицанием в настоящем времени		Я никого не вижу	-эп	17	Натухай	зи слъэгъуэп					
26	a	выпадение -r- перед отрицанием в настоящем времени		Я никого не вижу	-эп	11	Нешукай	зи слъэгъоп					
26	b	выпадение -r- перед отрицанием в настоящем времени		Я никого не вижу	-эп	4	Панахес	сэ зи слъэгъуэп					
26	a	выпадение -r- перед отрицанием в настоящем времени		Я никого не вижу	-эп	9	Псекупс	*сэ зи слъэгъуэп					
		выпадение -r- перед отрицанием в настоящем времени		Я никого не вижу	-эрэп	16	Джамбечий	Сэ зыци слъэгъурэп					
		выпадение -r- перед отрицанием в настоящем времени		Я никого не вижу	-эрэп	14	Уляп	*Сэ зыпари слъагъуркъым	намешано бжедугского				
26	b	выпадение -r- перед отрицанием в настоящем времени		Я никого не вижу	-эрэп	5	Адамий	зи слъэгъуэрэп					
26	b	выпадение -r- перед отрицанием в настоящем времени		Я никого не вижу	-эрэп	7	Гатлукай	сэ зыцыкъэ слъэгъурэп					
		выпадение -r- перед отрицанием в настоящем времени		Я никого не вижу	-эрэп	17	Натухай	зи слъэгъурэп					
26	b	выпадение -r- перед отрицанием в настоящем времени		Я никого не вижу	-эрэп	11	Нешукай	зи слъэгъурэп					
26	a	выпадение -r- перед отрицанием в настоящем времени		Я никого не вижу	-эрэп	4	Панахес	сэ зи слъэгъуэрэп					
26	b	выпадение -r- перед отрицанием в настоящем времени		Я никого не вижу	-эрэп	9	Псекупс	сэ зи слъэгъуэрэп					
		выпадение индекса 2sg.io перед бенефактивом	yes	Он для тебя ничего не сделал	п-фэ-	16	Джамбечий	Ащ о зыци къэпфиш1агъэп					
		выпадение индекса 2sg.io перед бенефактивом	yes	Он для тебя ничего не сделал	п-фэ-	14	Уляп	Абы уэ пари къыпхуиш1акъым		Абы уэрк1э пари иш1акъым			
8	a	выпадение индекса 2sg.io перед бенефактивом	yes	Он для тебя ничего не сделал	п-фэ-	5	Адамий	Зи пфиш1этэп					
8	a	выпадение индекса 2sg.io перед бенефактивом	yes	Он для тебя ничего не сделал	п-фэ-	7	Гатлукай	Мыщ зыцыкъы пфиш1агъэп					
		выпадение индекса 2sg.io перед бенефактивом	yes	Он для тебя ничего не сделал	п-фэ-	17	Натухай	Ущ зи пфиш1эщтэп					
8	a	выпадение индекса 2sg.io перед бенефактивом	yes	Он для тебя ничего не сделал	п-фэ-	11	Нешукай	зи къыпфиш1агъэп ай					
8	a	выпадение индекса 2sg.io перед бенефактивом	yes	Он для тебя ничего не сделал	п-фэ-	4	Панахес	Уыщ зи уэ къэпфиш1агъэп					
8	a	выпадение индекса 2sg.io перед бенефактивом	yes	Он для тебя ничего не сделал	п-фэ-	9	Псекупс	Ащ уэ зи къыпфиш1агъэп					
		выпадение индекса 2sg.io перед бенефактивом	yes	Он для тебя ничего не сделал	фэ-	16	Джамбечий	Ащ о зыци къэфиш1агъэп					
		выпадение индекса 2sg.io перед бенефактивом	yes	Он для тебя ничего не сделал	фэ-	14	Уляп	*Абы уэ пари къыхуиш1акъым					
8	b	выпадение индекса 2sg.io перед бенефактивом	yes	Он для тебя ничего не сделал	фэ-	5	Адамий	*					
8	b	выпадение индекса 2sg.io перед бенефактивом	yes	Он для тебя ничего не сделал	фэ-	7	Гатлукай	*Мыщ зыцыкъы фиш1агъэп					
		выпадение индекса 2sg.io перед бенефактивом	yes	Он для тебя ничего не сделал	фэ-	17	Натухай	*Ущ зи фиш1эщтэп					
8	b	выпадение индекса 2sg.io перед бенефактивом	yes	Он для тебя ничего не сделал	фэ-	11	Нешукай	*зи къыфиш1агъэп ай					
8	b	выпадение индекса 2sg.io перед бенефактивом	yes	Он для тебя ничего не сделал	фэ-	4	Панахес	Уыщ зи уэ къэфиш1агъэп					
8	b	выпадение индекса 2sg.io перед бенефактивом	yes	Он для тебя ничего не сделал	фэ-	9	Псекупс	*Ащ уэ зи къыфиш1агъэп					
		дезидератив	yes	Он хочет плясать	-рагъу	16	Джамбечий	къэшъорагъу					
		дезидератив	yes	Он хочет плясать	-рагъу	14	Уляп	*Ар къэфэрагъу					
10		дезидератив	yes	Он хочет плясать	-рагъу	5	Адамий	къэшъорагъу	так только бжедуги говорят!				
10		дезидератив	yes	Он хочет плясать	-рагъу	7	Гатлукай	*мыр къеш1эрагъу					
		дезидератив	yes	Он хочет плясать	-рагъу	17	Натухай	*Ур къэш1орагъу	сказал сначала, но это бжедугски, литературно. Может, молодые так могут, или женский пол, культурно	Къэш1эщт			
10		дезидератив	yes	Он хочет плясать	-рагъу	11	Нешукай	*къэшъорагъу	это шапсугский				
10		дезидератив	yes	Он хочет плясать	-рагъу	4	Панахес	къэшъорагъу					
10		дезидератив	yes	Он хочет плясать	-рагъу	9	Псекупс	*ур къэшъорагъу					
		инструменталис в роли сказуемого		Чем ты подметаешь двор? — Веником	веник	16	Джамбечий	Щагур сыдк1э къаупхъэнк1ыра? Пхъэнк1ыпхъэ	ну можно и так				
		инструменталис в роли сказуемого		Чем ты подметаешь двор? — Веником	веник	14	Уляп	Си 1огур къызэрыппхъэнк1ыр? — Джэхъампхъэ					
3	b	инструменталис в роли сказуемого		Чем ты подметаешь двор? — Веником	веник	5	Адамий	СыдымкIэ агур ппхъэнк1ыра? Пхъэнк1ыпхъ	такое возможно				
3	b	инструменталис в роли сказуемого		Чем ты подметаешь двор? — Веником	веник	7	Гатлукай	1эгур шъыдджэ къэпхъычэ? Пхъэнк1ыпхъ					
		инструменталис в роли сказуемого		Чем ты подметаешь двор? — Веником	веник	17	Натухай	Шъыдыгьэ къаппхъак1э? Пхъэк1ыпхъэ					
3	b	инструменталис в роли сказуемого		Чем ты подметаешь двор? — Веником	веник	11	Нешукай	Шъыдджэ 1эгур къэппхъэк1э? — Пхъэк1ыпхъ					
3	b	инструменталис в роли сказуемого		Чем ты подметаешь двор? — Веником	веник	4	Панахес	О шаор шъыдыгье къэпхъэк1ырэ? пхъак1ыпхъ	ну можно и так				
3	b	инструменталис в роли сказуемого		Чем ты подметаешь двор? — Веником	веник	9	Псекупс	Шъыджэ къэпхъэк1эрэ 1эгур? Пхъэк1ыпхъ					
		инструменталис в роли сказуемого		Чем ты подметаешь двор? — Веником	веник-ins	16	Джамбечий	Щагур сыдк1э къаупхъэнк1ыра? Пхъэнк1ыпхъэк1э					
		инструменталис в роли сказуемого		Чем ты подметаешь двор? — Веником	веник-ins	14	Уляп	Си 1огур къызэрыппхъэнк1ыр? — Джэхъампхъэк1э					
3	a	инструменталис в роли сказуемого		Чем ты подметаешь двор? — Веником	веник-ins	5	Адамий	СыдымкIэ агур ппхъэнк1ыра? Пхъэнк1ыпхъэмк1э					
3	a	инструменталис в роли сказуемого		Чем ты подметаешь двор? — Веником	веник-ins	7	Гатлукай	1эгур шъыдджэ къэпхъычэ? Пхъэнк1ыпхъджэ					
		инструменталис в роли сказуемого		Чем ты подметаешь двор? — Веником	веник-ins	17	Натухай	Шъыдыгьэ къаппхъак1э? Пхъэк1ыпхъэгьэ					
3	a	инструменталис в роли сказуемого		Чем ты подметаешь двор? — Веником	веник-ins	11	Нешукай	Шъыдджэ 1эгур къэппхъэк1э? — Пхъэк1ыпхъэджэ		Шъыдджэ 1эгур къэппхъэк1э? — Пхъэк1ыпхъэдж			
3	a	инструменталис в роли сказуемого		Чем ты подметаешь двор? — Веником	веник-ins	4	Панахес	О шаор шъыдыгье къэпхъэк1ырэ? пхъак1ыпхъэгьэ					
3	a	инструменталис в роли сказуемого		Чем ты подметаешь двор? — Веником	веник-ins	9	Псекупс	Шъыджэ къэпхъэк1эрэ 1эгур? Пхъэк1ыпхъэджэ					
		инструменталис единственного	демонстративы	Чем ты подметаешь двор? — Им подметаю	dem-ins	16	Джамбечий	Щагур сыдк1э къаупхъэнк1ыра? Мок1э къысэпхъэнк1э					
		инструменталис единственного	демонстративы	Чем ты подметаешь двор? — Им подметаю	dem-ins	17	Натухай	Шъыдыгьэ къаппхъак1э? Мыгьэ					
		инструменталис единственного	демонстративы	Чем ты подметаешь двор? — Им подметаю	DEM-й-INS	16	Джамбечий	*Щагур сыдк1э къаупхъэнк1ыра? Мойк1э къысэпхъэнк1э		Щагур сыдк1э къаупхъэнк1ыра? Мыйк1э къысэпхъэнк1э			
		инструменталис единственного	демонстративы	Чем ты подметаешь двор? — Им подметаю	DEM-й-INS	14	Уляп	*Си 1огур къызэрыппхъэнк1ыр? — Мыйк1э сопхъэнк1					
4	a	инструменталис единственного	демонстративы	Чем ты подметаешь двор? — Им подметаю	DEM-й-INS	7	Гатлукай	Мамыйджэ къэсэпхъычэ		мыйджэ къэсэпхъычэ			
		инструменталис единственного	демонстративы	Чем ты подметаешь двор? — Им подметаю	DEM-й-INS	17	Натухай	*Шъыдыгьэ къаппхъак1э? Мыйгьэ					
4	a	инструменталис единственного	демонстративы	Чем ты подметаешь двор? — Им подметаю	DEM-й-INS	11	Нешукай	Шъыдджэ 1эгур къэппхъэк1э? — Мыйджэ сэпхъэк1ы					
4	a	инструменталис единственного	демонстративы	Чем ты подметаешь двор? — Им подметаю	DEM-й-INS	4	Панахес	мыйгье					
4	a	инструменталис единственного	демонстративы	Чем ты подметаешь двор? — Им подметаю	DEM-й-INS	9	Псекупс	Шъыджэ къэпхъэк1эрэ 1эгур? мыйджэ къэсэпхъэк1ы					
		инструменталис единственного	демонстративы	Чем ты подметаешь двор? — Им подметаю	DEM-р-INS	16	Джамбечий	*Щагур сыдк1э къаупхъэнк1ыра? Мырк1э къысэпхъэнк1э		*Щагур сыдк1э къаупхъэнк1ыра? Морк1э къысэпхъэнк1э			
		инструменталис единственного	демонстративы	Чем ты подметаешь двор? — Им подметаю	DEM-р-INS	14	Уляп	*Си 1огур къызэрыппхъэнк1ыр? — Мырк1э сопхъэнк1					
4	c	инструменталис единственного	демонстративы	Чем ты подметаешь двор? — Им подметаю	DEM-р-INS	5	Адамий	*	такого не бывает!				не известно, я спросил про ар или про другое местоимение
4	c	инструменталис единственного	демонстративы	Чем ты подметаешь двор? — Им подметаю	DEM-р-INS	7	Гатлукай	Мамырджэ къэсэпхъычэ					
		инструменталис единственного	демонстративы	Чем ты подметаешь двор? — Им подметаю	DEM-р-INS	17	Натухай	*Шъыдыгьэ къаппхъак1э? Мыргьэ					
4	c	инструменталис единственного	демонстративы	Чем ты подметаешь двор? — Им подметаю	DEM-р-INS	11	Нешукай	*Шъыдджэ 1эгур къэппхъэк1э? — Мырджэ сэпхъэк1ы					
4	c	инструменталис единственного	демонстративы	Чем ты подметаешь двор? — Им подметаю	DEM-р-INS	4	Панахес	*мыргье					
4	c	инструменталис единственного	демонстративы	Чем ты подметаешь двор? — Им подметаю	DEM-р-INS	9	Псекупс	*Шъыджэ къэпхъэк1эрэ 1эгур? мырджэ къэсэпхъэк1ы					
		инструменталис единственного	демонстративы	Чем ты подметаешь двор? — Им подметаю	DEM-р-ым-INS	17	Натухай	Шъыдыгьэ къаппхъак1э? Мырымгьэ					
		инструменталис единственного	демонстративы	Чем ты подметаешь двор? — Им подметаю	DEM-щ-INS	16	Джамбечий	*Щагур сыдк1э къаупхъэнк1ыра? Мощк1э къысэпхъэнк1э		Щагур сыдк1э къаупхъэнк1ыра? Мыщк1э къысэпхъэнк1э			
		инструменталис единственного	демонстративы	Чем ты подметаешь двор? — Им подметаю	DEM-щ-INS	14	Уляп	Си 1огур къызэрыппхъэнк1ыр? — Мыбык1э сопхъэнк1					не -щ, а -б
4	b	инструменталис единственного	демонстративы	Чем ты подметаешь двор? — Им подметаю	DEM-щ-INS	5	Адамий	*					не известно, я спросил про ар или про другое местоимение
4	b	инструменталис единственного	демонстративы	Чем ты подметаешь двор? — Им подметаю	DEM-щ-INS	7	Гатлукай	Мамыщджэ къэсэпхъычэ					
		инструменталис единственного	демонстративы	Чем ты подметаешь двор? — Им подметаю	DEM-щ-INS	17	Натухай	Шъыдыгьэ къаппхъак1э? Мыщыгьэ					
4	b	инструменталис единственного	демонстративы	Чем ты подметаешь двор? — Им подметаю	DEM-щ-INS	11	Нешукай	Шъыдджэ 1эгур къэппхъэк1э? — Мыщджэ сэпхъэк1ы					
4	b	инструменталис единственного	демонстративы	Чем ты подметаешь двор? — Им подметаю	DEM-щ-INS	4	Панахес	мыщгье					
4	b	инструменталис единственного	демонстративы	Чем ты подметаешь двор? — Им подметаю	DEM-щ-INS	9	Псекупс	Шъыджэ къэпхъэк1эрэ 1эгур? мыщджэ къэсэпхъэк1ы					
		инструменталис единственного	демонстративы	Чем ты подметаешь двор? — Им подметаю	DEM-щ-ым-INS	16	Джамбечий	*Щагур сыдк1э къаупхъэнк1ыра? Мощымк1э къысэпхъэнк1э		*Щагур сыдк1э къаупхъэнк1ыра? Мыщымк1э къысэпхъэнк1э			
		инструменталис единственного	демонстративы	Чем ты подметаешь двор? — Им подметаю	DEM-щ-ым-INS	14	Уляп	Си 1огур къызэрыппхъэнк1ыр? — Мыбымк1э сопхъэнк1					не -щ, а -б
		инструменталис единственного	демонстративы	Чем ты подметаешь двор? — Им подметаю	DEM-щ-ым-INS	17	Натухай	Шъыдыгьэ къаппхъак1э? Мыщымгьэ					
4	d	инструменталис единственного	демонстративы	Чем ты подметаешь двор? — Им подметаю	DEM-щ-ым-INS	11	Нешукай	Шъыдджэ 1эгур къэппхъэк1э? — Мыщымджэ сэпхъэк1ы					
4	d	инструменталис единственного	демонстративы	Чем ты подметаешь двор? — Им подметаю	DEM-щ-ым-INS	9	Псекупс	Шъыджэ къэпхъэк1эрэ 1эгур? мыщымджэ къэсэпхъэк1ы					
		инструменталис единственного числа местоимения ар	ар	Чем ты подметаешь двор? — Им подметаю	а-ins	16	Джамбечий	Щагур сыдк1э къаупхъэнк1ыра? Ак1э къысэпхъэнк1э					
		инструменталис единственного числа местоимения ар	ар	Чем ты подметаешь двор? — Им подметаю	а-ins	17	Натухай	Шъыдыгьэ къаппхъак1э? Агьэ къасэпхъак1э — тем же самым подметаю					
		инструменталис единственного числа местоимения ар	ар	Чем ты подметаешь двор? — Им подметаю	ай-INS	16	Джамбечий	*Щагур сыдк1э къаупхъэнк1ыра? Айк1э къысэпхъэнк1э					
		инструменталис единственного числа местоимения ар	ар	Чем ты подметаешь двор? — Им подметаю	ай-INS	14	Уляп	*Си 1огур къызэрыппхъэнк1ыр? — Айк1э сопхъэнк1					
4	d	инструменталис единственного числа местоимения ар	ар	Чем ты подметаешь двор? — Им подметаю	ай-INS	5	Адамий	айк1э хэсэутэ					
		инструменталис единственного числа местоимения ар	ар	Чем ты подметаешь двор? — Им подметаю	ай-INS	17	Натухай	Шъыдыгьэ къаппхъак1э? Айгьэ къасэпхъак1э — тем же самым подметаю		Айгьэ тыкъэк1уагъ			
4	h	инструменталис единственного числа местоимения ар	ар	Чем ты подметаешь двор? — Им подметаю	ай-INS	11	Нешукай	Уа оджэ пхъэк1ыпхъэ щылъ. Шъыдджэ 1эгур къэппхъэк1э? — Айджэ сэпхъэк1ы	только с веником в предыдущ контексте				
		инструменталис единственного числа местоимения ар	ар	Чем ты подметаешь двор? — Им подметаю	ар-INS	16	Джамбечий	*Щагур сыдк1э къаупхъэнк1ыра? Арк1э къысэпхъэнк1э					
		инструменталис единственного числа местоимения ар	ар	Чем ты подметаешь двор? — Им подметаю	ар-INS	14	Уляп	*Си 1огур къызэрыппхъэнк1ыр? — Арк1э сопхъэнк1					
		инструменталис единственного числа местоимения ар	ар	Чем ты подметаешь двор? — Им подметаю	ар-INS	17	Натухай	Шъыдыгьэ къаппхъак1э? Аргьэ къасэпхъак1э — тем же самым подметаю	так тоже говорим				
4	f	инструменталис единственного числа местоимения ар	ар	Чем ты подметаешь двор? — Им подметаю	ар-INS	11	Нешукай	*Уа оджэ пхъэк1ыпхъэ щылъ. Шъыдджэ 1эгур къэппхъэк1э? — Арджэ сэпхъэк1ы					
		инструменталис единственного числа местоимения ар	ар	Чем ты подметаешь двор? — Им подметаю	ар-ым-ins	17	Натухай	Шъыдыгьэ къаппхъак1э? Арымгьэ къасэпхъак1э — тем же самым подметаю			выдал сам		
		инструменталис единственного числа местоимения ар	ар	Чем ты подметаешь двор? — Им подметаю	ащ-INS	16	Джамбечий	Щагур сыдк1э къаупхъэнк1ыра? Ащк1э къысэпхъэнк1э					
		инструменталис единственного числа местоимения ар	ар	Чем ты подметаешь двор? — Им подметаю	ащ-INS	14	Уляп	Си 1огур къызэрыппхъэнк1ыр? — Абык1э сопхъэнк1	Если есть например два веника - один для вдора, другой для дома				не -щ, а -б
		инструменталис единственного числа местоимения ар	ар	Чем ты подметаешь двор? — Им подметаю	ащ-INS	17	Натухай	Шъыдыгьэ къаппхъак1э? Ащгьэ къасэпхъак1э — тем же самым подметаю	мыщгьэ - если он в руке, но *ащгьэ.				
4	e	инструменталис единственного числа местоимения ар	ар	Чем ты подметаешь двор? — Им подметаю	ащ-INS	11	Нешукай	Уа оджэ пхъэк1ыпхъэ щылъ. Шъыдджэ 1эгур къэппхъэк1э? — Ащджэ сэпхъэк1ы					
		инструменталис единственного числа местоимения ар	ар	Чем ты подметаешь двор? — Им подметаю	ащ-ым-INS	16	Джамбечий	*Щагур сыдк1э къаупхъэнк1ыра? Ащымк1э къысэпхъэнк1э					
		инструменталис единственного числа местоимения ар	ар	Чем ты подметаешь двор? — Им подметаю	ащ-ым-INS	14	Уляп	Си 1огур къызэрыппхъэнк1ыр? — Абымк1э сопхъэнк1					не -щ, а -б
		инструменталис единственного числа местоимения ар	ар	Чем ты подметаешь двор? — Им подметаю	ащ-ым-INS	17	Натухай	Шъыдыгьэ къаппхъак1э? Ащымгьэ къасэпхъак1э — тем же самым подметаю					
4	g	инструменталис единственного числа местоимения ар	ар	Чем ты подметаешь двор? — Им подметаю	ащ-ым-INS	11	Нешукай	Уа оджэ пхъэк1ыпхъэ щылъ. Шъыдджэ 1эгур къэппхъэк1э? — Ащымджэ сэпхъэк1ы					
		конверб на -gʷe			конверб на -gʷe	16	Джамбечий	*к1ого					
27		конверб на -gʷe			конверб на -gʷe	7	Гатлукай	*к1ого					
		конверб на -gʷe			конверб на -gʷe	18	Натухай	*к1ого					
27		конверб на -gʷe			конверб на -gʷe	11	Нешукай	*к1ого	кажется, бжедуги, в других аулах				
27		конверб на -gʷe			конверб на -gʷe	4	Панахес	к1ого ибэджыгъ					
27		конверб на -gʷe			конверб на -gʷe	9	Псекупс	*к1ого					
		конверб на -gʷe-jə-ze			конверб на -gʷe-jə-ze	16	Джамбечий	*к1огоизэ					
37		конверб на -gʷe-jə-ze			конверб на -gʷe-jə-ze	7	Гатлукай	*к1огоизэ					
37		конверб на -gʷe-jə-ze			конверб на -gʷe-jə-ze	11	Нешукай	*к1огоизэ					
37		конверб на -gʷe-jə-ze			конверб на -gʷe-jə-ze	4	Панахес	к1огоизэ					
37		конверб на -gʷe-jə-ze			конверб на -gʷe-jə-ze	9	Псекупс	*к1огоизэ					
		конверб на -gʷe-r-jə-ze			конверб на -gʷe-r-jə-ze	16	Джамбечий	*к1огоризэ					
30		конверб на -gʷe-r-jə-ze			конверб на -gʷe-r-jə-ze	7	Гатлукай	*к1огоризэ					
30		конверб на -gʷe-r-jə-ze			конверб на -gʷe-r-jə-ze	11	Нешукай	*к1огоризэ					
30		конверб на -gʷe-r-jə-ze			конверб на -gʷe-r-jə-ze	4	Панахес	к1огоризэ					
30		конверб на -gʷe-r-jə-ze			конверб на -gʷe-r-jə-ze	9	Псекупс	*к1огоризэ					
		конверб на -gʷe-re			конверб на -gʷe-re	16	Джамбечий	*к1огорэ					
28		конверб на -gʷe-re			конверб на -gʷe-re	5	Адамий	*					
28		конверб на -gʷe-re			конверб на -gʷe-re	7	Гатлукай	к1огорэ ылъэгъугъ					
28		конверб на -gʷe-re			конверб на -gʷe-re	11	Нешукай	*к1огорэ					
28		конверб на -gʷe-re			конверб на -gʷe-re	4	Панахес	к1огорэ					
28		конверб на -gʷe-re			конверб на -gʷe-re	9	Псекупс	*к1огорэ					
		конверб на -gʷe-re-ze			конверб на -gʷe-re-ze	16	Джамбечий	*к1огорэзэ					
31		конверб на -gʷe-re-ze			конверб на -gʷe-re-ze	11	Нешукай	*к1огорэзэ					
31		конверб на -gʷe-re-ze			конверб на -gʷe-re-ze	9	Псекупс	к1огорэзэ ылъэгъугъ	проходя увидел				
29		конверб на -gʷe-re(-m)-gʲe			конверб на -gʷe-re(-m)-gʲe	7	Гатлукай	к1огорэмджэ ылъэгъугъ					
29		конверб на -gʷe-re(-m)-gʲe			конверб на -gʷe-re(-m)-gʲe	11	Нешукай	*к1огорэджэ					
29		конверб на -gʷe-re(-m)-gʲe			конверб на -gʷe-re(-m)-gʲe	9	Псекупс	*к1огорэмджэ					
		конверб на -gʷe-we			конверб на -gʷe-we	16	Джамбечий	*к1огоуэ					
32		конверб на -gʷe-we			конверб на -gʷe-we	7	Гатлукай	*к1огоуэ ылъэгъугъ					
32		конверб на -gʷe-we			конверб на -gʷe-we	11	Нешукай	*к1огоуэ					
32		конверб на -gʷe-we			конверб на -gʷe-we	9	Псекупс	*к1огоуэ					
		конверб на -gʷe-ze			конверб на -gʷe-ze	16	Джамбечий	к1огозэ ылъэгъугъ					
33		конверб на -gʷe-ze			конверб на -gʷe-ze	5	Адамий	*					
33		конверб на -gʷe-ze			конверб на -gʷe-ze	7	Гатлукай	к1огозэ ылъэгъугъ					
		конверб на -gʷe-ze			конверб на -gʷe-ze	18	Натухай	к1огозэ					
33		конверб на -gʷe-ze			конверб на -gʷe-ze	11	Нешукай	к1огозэ ылъэгъугъ	в сказках				
33		конверб на -gʷe-ze			конверб на -gʷe-ze	4	Панахес	к1огозэ					
33		конверб на -gʷe-ze			конверб на -gʷe-ze	9	Псекупс	к1огозэ ылъэгъугъ					
		конверб на -gʷe-ze-re			конверб на -gʷe-ze-re	16	Джамбечий	к1огозэрэ ылъэгъугъ					
34		конверб на -gʷe-ze-re			конверб на -gʷe-ze-re	5	Адамий	*					
34		конверб на -gʷe-ze-re			конверб на -gʷe-ze-re	7	Гатлукай	*к1огозэрэ ылъэгъугъ					
34		конверб на -gʷe-ze-re			конверб на -gʷe-ze-re	11	Нешукай	к1огозэрэ ылъэгъугъ					
34		конверб на -gʷe-ze-re			конверб на -gʷe-ze-re	9	Псекупс	к1огозэрэ ылъэгъугъ					
		конверб на -gʷe-ze-ʁʷe			конверб на -gʷe-ze-ʁʷe	16	Джамбечий	*к1огозэгъо ылъэгъугъ					
35		конверб на -gʷe-ze-ʁʷe			конверб на -gʷe-ze-ʁʷe	7	Гатлукай	*к1огозэгъу ылъэгъугъ					
35		конверб на -gʷe-ze-ʁʷe			конверб на -gʷe-ze-ʁʷe	11	Нешукай	*к1огозэгъо	другой диалект				
35		конверб на -gʷe-ze-ʁʷe			конверб на -gʷe-ze-ʁʷe	4	Панахес	к1огозэгъу					
35		конверб на -gʷe-ze-ʁʷe			конверб на -gʷe-ze-ʁʷe	9	Псекупс	к1огозэгъо ылъэгъугъ					
36		конверб на -gʷe-ze-ʁʷə-gʲe			конверб на -gʷe-ze-ʁʷə-gʲe	7	Гатлукай	*к1огозэгъуджэ ылъэгъугъ					
36		конверб на -gʷe-ze-ʁʷə-gʲe			конверб на -gʷe-ze-ʁʷə-gʲe	11	Нешукай	*к1огозэгъоджэ					
36		конверб на -gʷe-ze-ʁʷə-gʲe			конверб на -gʷe-ze-ʁʷə-gʲe	9	Псекупс	*к1огозэгъомджэ ылъэгъугъ					
		конверб на -je			конверб на -je	16	Джамбечий	*к1уе					
38		конверб на -je			конверб на -je	11	Нешукай	к1уе къахь	иди принеси				
40		конверб на -je			конверб на -jeje	9	Псекупс	к1уе тхылъэр къысфахь — иди и книгу принеси					
		конверб на -je-ze			конверб на -je-ze	16	Джамбечий	*к1уезэ					
39		конверб на -je-ze			конверб на -je-ze	11	Нешукай	*к1уезэ					
39		конверб на -je-ze			конверб на -je-ze	9	Псекупс	к1уезэ					
		конверб на -jeje			конверб на -jeje	16	Джамбечий	*к1уее					
40		конверб на -jeje			конверб на -jeje	7	Гатлукай	*к1оее					
40		конверб на -jeje			конверб на -jeje	11	Нешукай	*к1уее къахь					
		конверб на -jejəŝ			конверб на -jejəŝ	16	Джамбечий	*к1уеишъ					
41		конверб на -jejəŝ			конверб на -jejəŝ	7	Гатлукай	*к1оишъ					
41		конверб на -jejəŝ			конверб на -jejəŝ	11	Нешукай	*к1уейышъ					
41		конверб на -jejəŝ			конверб на -jejəŝ	4	Панахес	к1оеишъ					
		конверб на -jə-ŝ			конверб на -jə-ŝ	16	Джамбечий	к1уишъ къэк1ожьыгъ					
42		конверб на -jə-ŝ			конверб на -jə-ŝ	7	Гатлукай	*к1оишъ					
42		конверб на -jə-ŝ			конверб на -jə-ŝ	11	Нешукай	к1уишъ ылъэгъугъ	когда пошел, увидел				
42		конверб на -jə-ŝ			конверб на -jə-ŝ	4	Панахес	*к1оишъ					
42		конверб на -jə-ŝ			конверб на -jə-ŝ	9	Псекупс	к1уишъ ы1уагъ	пошел и сказал				
		конверб на -jə-ze			конверб на -jə-ze	16	Джамбечий	*к1оизэ					
44		конверб на -jə-ze			конверб на -jə-ze	7	Гатлукай	*к1оизэ					
		конверб на -jə-ze			конверб на -jə-ze	18	Натухай	к1узэ	идет и видит				
44		конверб на -jə-ze			конверб на -jə-ze	11	Нешукай	*к1оизэ					
44		конверб на -jə-ze			конверб на -jə-ze	4	Панахес	к1оизэ					
44		конверб на -jə-ze			конверб на -jə-ze	9	Псекупс	*к1уизэ					
		конверб на -jə-zə			конверб на -jə-zə	16	Джамбечий	*к1оизы					
43		конверб на -jə-zə			конверб на -jə-zə	7	Гатлукай	*к1оизы					
43		конверб на -jə-zə			конверб на -jə-zə	11	Нешукай	*к1оизы					
43		конверб на -jə-zə			конверб на -jə-zə	9	Псекупс	*к1уизы					
		конверб на -nəw			конверб на -nəw	14	Уляп	ар тучаным к1ону щыт	он должен пойти в магазин				
		конверб на -qe			конверб на -qe	14	Уляп	к1окъэ къэхь					
		конверб на -r-jə			конверб на -r-jə	16	Джамбечий	к1ори къэк1ожьыгъ					
45		конверб на -r-jə			конверб на -r-jə	7	Гатлукай	к1ори лъыхъу	иди и ищи				
45		конверб на -r-jə			конверб на -r-jə	11	Нешукай	к1уе къахь					опечатка?
45		конверб на -r-jə			конверб на -r-jə	4	Панахес	*Ар к1ори къэк1ожьыгъ	это по-темиргоевский				
45		конверб на -r-jə			конверб на -r-jə	9	Псекупс	к1ори ет	пойди и отдай				
		конверб на -r-jə-ze			конверб на -r-jə-ze	16	Джамбечий	*к1оризэ					
46		конверб на -r-jə-ze			конверб на -r-jə-ze	4	Панахес	псым къысычыжьыризэ уаер къэйжьагъ					
		конверб на -re			конверб на -re	16	Джамбечий	*мак1орэ					
47		конверб на -re			конверб на -re	7	Гатлукай	к1орэ ылъэгъугъ					
47		конверб на -re			конверб на -re	11	Нешукай	*к1орэ					
47		конверб на -re			конверб на -re	9	Псекупс	*к1орэ ылъэгъугъ					
		конверб на -ŝ			конверб на -ŝ	16	Джамбечий	мак1ошъ къэк1ожьы — идет туда и обратно		къак1ошъ щэ1э		*к1ошъ	
48		конверб на -ŝ			конверб на -ŝ	7	Гатлукай	*к1ошъ					
48		конверб на -ŝ			конверб на -ŝ	11	Нешукай	*к1ошъ					
48		конверб на -ŝ			конверб на -ŝ	4	Панахес	*к1ошъ					
48		конверб на -ŝ			конверб на -ŝ	9	Псекупс	мак1ошъ реты	подходит и дает				
		конверб на -ŝ-jə			конверб на -ŝ-jə	16	Джамбечий	*къак1ошъи					
49		конверб на -ŝ-jə			конверб на -ŝ-jə	7	Гатлукай	*к1ошъи					
49		конверб на -ŝ-jə			конверб на -ŝ-jə	11	Нешукай	к1ошъи ылъэгъугъ					
49		конверб на -ŝ-jə			конверб на -ŝ-jə	4	Панахес	*к1ошъи					
49		конверб на -ŝ-jə			конверб на -ŝ-jə	9	Псекупс	мак1ощъи реты		к1ошъи ритыгъ — подошел и дал			
		конверб на -ŝə-r-jə			конверб на -ŝə-r-jə	16	Джамбечий	*къак1ошъири	другие диалекты				
50		конверб на -ŝə-r-jə			конверб на -ŝə-r-jə	7	Гатлукай	*к1ошъыри					
50		конверб на -ŝə-r-jə			конверб на -ŝə-r-jə	11	Нешукай	*к1ошъыри	другой диалект				
50		конверб на -ŝə-r-jə			конверб на -ŝə-r-jə	4	Панахес	*к1ошъыри					
50		конверб на -ŝə-r-jə			конверб на -ŝə-r-jə	9	Псекупс	к1ошъыри ритыгъ — литературно					
		конверб на -tjə			конверб на -tjə	16	Джамбечий	к1оти къэк1ожьыщтыгъэ					
51		конверб на -tjə			конверб на -tjə	7	Гатлукай	к1оти лъыхъутыгъ	искал, ходя				
51		конверб на -tjə			конверб на -tjə	11	Нешукай	к1оти къэтытыгъ	он туда уходил и там жил	*к1оти ылъэгъугъ – шел и видел			
51		конверб на -tjə			конверб на -tjə	9	Псекупс	к1оти ылэгъугъ	ходя, увидел				
52	b	конверб на -w			конверб на -ew	11	Нешукай	*к1оу ылъэгъугъ					
		конверб на -w			конверб на -w	16	Джамбечий	школым к1оу къэк1ожьыфэ // школым к1оу ылъэгъугъ — увидел, как он шел		еджапым к1оу сы1ук1агъ — встретиал того, кто идет в школу			
		конверб на -w			конверб на -w	14	Уляп	мэхор к1оу иш1экъым	не замечает, как день проходит				
52	a	конверб на -w			конверб на -w	7	Гатлукай	к1оу ылъэгъугъ					
52	a	конверб на -w			конверб на -w	9	Псекупс	к1оу ылъэгъугъ	идя увидел	мак1оу елъэгъу			
		конверб на -w-re			конверб на -w-re	14	Уляп	мэзым к1оурэ шыхэр къилъэгъуа	идя в лес, увидел лошадей				
		конверб на -we			конверб на -we	16	Джамбечий	*к1оуэ					
53		конверб на -we			конверб на -we	7	Гатлукай	*к1оуэ					
53		конверб на -we			конверб на -we	11	Нешукай	*к1оуэ					
53		конверб на -we			конверб на -we	9	Псекупс	*к1оуэ					
		конверб на -z-jə			конверб на -z-jə	16	Джамбечий	*к1ози					
54		конверб на -z-jə			конверб на -z-jə	7	Гатлукай	*к1ози					
54		конверб на -z-jə			конверб на -z-jə	11	Нешукай	*к1ози					
54		конверб на -z-jə			конверб на -z-jə	9	Псекупс	к1ози ылъэгъугъ					
		конверб на -ze			конверб на -ze	16	Джамбечий	к1озэ ылъэгъугъ					
55		конверб на -ze			конверб на -ze	7	Гатлукай	к1озэ ылъэгъугъ					
		конверб на -ze			конверб на -ze	18	Натухай	к1озэ					
55		конверб на -ze			конверб на -ze	11	Нешукай	к1озэ ылъэгъугъ					
55		конверб на -ze			конверб на -ze	4	Панахес	к1озэ					
55		конверб на -ze			конверб на -ze	9	Псекупс	к1озэ ылъэгъугъ					
		конверб на -ze-re			конверб на -ze-re	16	Джамбечий	*к1озэрэ ылъэгъугъ					
56		конверб на -ze-re			конверб на -ze-re	5	Адамий	да (в тексте)					
56		конверб на -ze-re			конверб на -ze-re	7	Гатлукай	к1озэрэ ылъэгъугъ					
56		конверб на -ze-re			конверб на -ze-re	11	Нешукай	*к1озэрэ ылъэгъугъ					
56		конверб на -ze-re			конверб на -ze-re	9	Псекупс	к1озэрэ ылъэгъугъ					
		конверб на -ze-ʁʷe			конверб на -ze-ʁʷe	16	Джамбечий	*к1озэгъу ылъэгъугъ					
57		конверб на -ze-ʁʷe			конверб на -ze-ʁʷe	7	Гатлукай	к1озэгъу ылъэгъугъ					
57		конверб на -ze-ʁʷe			конверб на -ze-ʁʷe	11	Нешукай	*к1озэгъуэ ылъэгъугъ					
57		конверб на -ze-ʁʷe			конверб на -ze-ʁʷe	9	Псекупс	к1озэгъо ылъэгъугъ					
		конверб на -zə			конверб на -zə	16	Джамбечий	*к1озы ылъэгъугъ					
58		конверб на -zə			конверб на -zə	7	Гатлукай	*к1озы					
58		конверб на -zə			конверб на -zə	11	Нешукай	*к1озы ылъэгъугъ					
58		конверб на -zə			конверб на -zə	9	Псекупс	*к1озы					
		конверб на аддитив -jə			конверб на -jə	14	Уляп	к1ои къэхь	пойди принеси				
		конверб на аддитив -jə			конверб на аддитив -jə	16	Джамбечий	к1уи къэк1ожьыгъ					
59		конверб на аддитив -jə			конверб на аддитив -jə	7	Гатлукай	*к1ои					
59		конверб на аддитив -jə			конверб на аддитив -jə	11	Нешукай	*к1ои					
59		конверб на аддитив -jə			конверб на аддитив -jə	4	Панахес	Ар к1ожьи къэк1ожьыгъ					
59		конверб на аддитив -jə			конверб на аддитив -jə	9	Псекупс	*к1ои					
		медиальное местоимение		Помой те помидоры [их видно, он они не близко]	го	16	Джамбечий	*Го помидорхэр къэтхьак1ых					
		медиальное местоимение		Помой те помидоры [их видно, он они не близко]	го	14	Уляп	*Го помидорхэр тхьак1					
2	c	медиальное местоимение		Помой те помидоры [их видно, он они не близко]	го	5	Адамий	*					
2	c	медиальное местоимение		Помой те помидоры [их видно, он они не близко]	го	7	Гатлукай	*Го помидорхэр тхьач1ы					
		медиальное местоимение		Помой те помидоры [их видно, он они не близко]	го	17	Натухай	*Го помидорхэ тхьак1		Г1од [ɦ] - здесь			
2	c	медиальное местоимение		Помой те помидоры [их видно, он они не близко]	го	11	Нешукай	Гьо [ɦo] помидорхэр къэлъэс				ɣ из Ситимовой?	
2	c	медиальное местоимение		Помой те помидоры [их видно, он они не близко]	го	4	Панахес	*Го помидорхэр къатхьак1					
2	c	медиальное местоимение		Помой те помидоры [их видно, он они не близко]	го	9	Псекупс	*Го помидорыр къэтхьак1					
		медиальное местоимение		Помой те помидоры [их видно, он они не близко]	мо	16	Джамбечий	Мо помидорхэр къэтхьак1ых					
		медиальное местоимение		Помой те помидоры [их видно, он они не близко]	мо	14	Уляп	Мо помидорхэр тхьак1		Мы помидорхэр тхьак1 — которые ближе			
2	a	медиальное местоимение		Помой те помидоры [их видно, он они не близко]	мо	5	Адамий	Мо помидорхэр тхьач1					
2	a	медиальное местоимение		Помой те помидоры [их видно, он они не близко]	мо	7	Гатлукай	*Мо помидорхэр тхьач1ы		Мамы помидорхэр тхьач1ы — которые ближе			
		медиальное местоимение		Помой те помидоры [их видно, он они не близко]	мо	17	Натухай	*	Мо помидорхэ тхьак1 — старший младшему, давай помой помидоры, пренебрежительно, *мохэр. Однако, могьэ - здесь				
2	a	медиальное местоимение		Помой те помидоры [их видно, он они не близко]	мо	11	Нешукай	*Мо помидорхэр къэлъэс	литературно				звездочка или нет?
2	a	медиальное местоимение		Помой те помидоры [их видно, он они не близко]	мо	4	Панахес	*Мо помидорхэр къатхьак1					
2	a	медиальное местоимение		Помой те помидоры [их видно, он они не близко]	мо	9	Псекупс	*Мо помидорыр къэтхьак1					
		медиальное местоимение		Помой те помидоры [их видно, он они не близко]	у	16	Джамбечий	*У помидорхэр къэтхьак1ых	это бжедуги				
		медиальное местоимение		Помой те помидоры [их видно, он они не близко]	у	14	Уляп	*У помидорхэр тхьак1					
2	b	медиальное местоимение		Помой те помидоры [их видно, он они не близко]	у	5	Адамий	*					
2	b	медиальное местоимение		Помой те помидоры [их видно, он они не близко]	у	7	Гатлукай	*У помидорхэр тхьач1ы		Уау помидорхэр тхьач1ы			
		медиальное местоимение		Помой те помидоры [их видно, он они не близко]	у	17	Натухай	*У помидорхэ тхьак1	и так говорим, по всякому говорим	Удыу / уау помидорхэ тхьак1			
2	b	медиальное местоимение		Помой те помидоры [их видно, он они не близко]	у	11	Нешукай	Уы помидорхэр къэлъэс		Уа уы помидорхэр къэлъэс			
2	b	медиальное местоимение		Помой те помидоры [их видно, он они не близко]	у	4	Панахес	Уы помидорхэр къатхьак1					
2	b	медиальное местоимение		Помой те помидоры [их видно, он они не близко]	у	9	Псекупс	Уы помидорыр къэтхьак1	уы - ближе, чем мы	Уауы помидорыр къэтхьак1			
		обратный порядок индексов	абсолютив - 1 лица, непрямой объект 2 лица	Я тебя жду	сыуэ-	16	Джамбечий	сыуажэ,	сыгузажъорэп сыожэ	сежэ			
		обратный порядок индексов	абсолютив - 1 лица, непрямой объект 2 лица	Я тебя жду	сыуэ-	14	Уляп	сэ сыкъыожэ					
14	a	обратный порядок индексов	абсолютив - 1 лица, непрямой объект 2 лица	Я тебя жду	сыуэ-	5	Адамий	сыуажэ		сыкъыуажэ			
14	a	обратный порядок индексов	абсолютив - 1 лица, непрямой объект 2 лица	Я тебя жду	сыуэ-	7	Гатлукай	сэ сыкъыуажэ					
		обратный порядок индексов	абсолютив - 1 лица, непрямой объект 2 лица	Я тебя жду	сыуэ-	17	Натухай	сыкъыуажьэ					
14	a	обратный порядок индексов	абсолютив - 1 лица, непрямой объект 2 лица	Я тебя жду	сыуэ-	11	Нешукай	сыуажэ					
14	a	обратный порядок индексов	абсолютив - 1 лица, непрямой объект 2 лица	Я тебя жду	сыуэ-	4	Панахес	сэ сыуажьэ					
14	a	обратный порядок индексов	абсолютив - 1 лица, непрямой объект 2 лица	Я тебя жду	сыуэ-	9	Псекупс	сэ сыкъыуажэ					
		обратный порядок индексов	абсолютив - 1 лица, непрямой объект 2 лица	Я тебя жду	усэ-	16	Джамбечий	*усажэ	Есть такие, кто так говорят и пишут, мы над ними смеемся				
		обратный порядок индексов	абсолютив - 1 лица, непрямой объект 2 лица	Я тебя жду	усэ-	14	Уляп	*сэ укъысожэ					
14	b	обратный порядок индексов	абсолютив - 1 лица, непрямой объект 2 лица	Я тебя жду	усэ-	5	Адамий	*					
14	b	обратный порядок индексов	абсолютив - 1 лица, непрямой объект 2 лица	Я тебя жду	усэ-	7	Гатлукай	*уыкъысажэ					
		обратный порядок индексов	абсолютив - 1 лица, непрямой объект 2 лица	Я тебя жду	усэ-	17	Натухай	*уыкъысажьэ	ты ждешь, ты будешь ждать				
14	b	обратный порядок индексов	абсолютив - 1 лица, непрямой объект 2 лица	Я тебя жду	усэ-	11	Нешукай	*уысажэ					
14	b	обратный порядок индексов	абсолютив - 1 лица, непрямой объект 2 лица	Я тебя жду	усэ-	4	Панахес	*уысажьэ					
14	b	обратный порядок индексов	абсолютив - 1 лица, непрямой объект 2 лица	Я тебя жду	усэ-	9	Псекупс	*сэ уысажэ					
		падеж имени, выражающего абсолютивный актант 1 или 2 лица		Мы, два друга, в аул приехали	-м	16	Джамбечий	Зэныбджэгъуит1ум къуаджэм тыкъэк1уагъ					
		падеж имени, выражающего абсолютивный актант 1 или 2 лица		Мы, два друга, в аул приехали	-м	14	Уляп	Дэ, зэныбжьэгъуит1ым, жьылэм дыкъэк1уа					
15	b	падеж имени, выражающего абсолютивный актант 1 или 2 лица		Мы, два друга, в аул приехали	-м	5	Адамий	Тэ ныбджэгъуит1ум чэлэм тыкъэк1агъ					
15	b	падеж имени, выражающего абсолютивный актант 1 или 2 лица		Мы, два друга, в аул приехали	-м	7	Гатлукай	*Тэ ч1элит1ум чылэм тыкъэк1агъ					
		падеж имени, выражающего абсолютивный актант 1 или 2 лица		Мы, два друга, в аул приехали	-м	17	Натухай	Тэ зэшъэгъогъумт1ум чылэм тыкъэк1уагъ					
15	b	падеж имени, выражающего абсолютивный актант 1 или 2 лица		Мы, два друга, в аул приехали	-м	11	Нешукай	Тэ *(зэ)ныбджэгъуит1ум чылэм тыкъэк1уагъ		Зэныбджэгъуит1о чылэм тыкъэк1уагъ / Зэныбджэгъуит1уми чылэм тыкъэк1уагъ			
15	b	падеж имени, выражающего абсолютивный актант 1 или 2 лица		Мы, два друга, в аул приехали	-м	4	Панахес	Тэ шъэогъуит1ум чылэм тыкъэк1уагъ					
15	b	падеж имени, выражающего абсолютивный актант 1 или 2 лица		Мы, два друга, в аул приехали	-м	9	Псекупс	Тэ ныбджэгъуит1ум чэлэм тыкъэк1агъ					
		падеж имени, выражающего абсолютивный актант 1 или 2 лица		Мы, два друга, в аул приехали	-м-ins	16	Джамбечий	*Зэныбджэгъуит1умк1э къуаджэм тыкъэк1уагъ					
		падеж имени, выражающего абсолютивный актант 1 или 2 лица		Мы, два друга, в аул приехали	-м-ins	14	Уляп	*Дэ, зэныбжьэгъуит1ымк1э, жьылэм дыкъэк1уа					
15	c	падеж имени, выражающего абсолютивный актант 1 или 2 лица		Мы, два друга, в аул приехали	-м-ins	5	Адамий	*					
15	c	падеж имени, выражающего абсолютивный актант 1 или 2 лица		Мы, два друга, в аул приехали	-м-ins	7	Гатлукай	*Тэ ч1элит1умджэ чылэм тыкъэк1агъ					
		падеж имени, выражающего абсолютивный актант 1 или 2 лица		Мы, два друга, в аул приехали	-м-ins	17	Натухай	Тэ зэшъэгъогъумт1умгьи чылэм тыкъэк1уагъ					
15	c	падеж имени, выражающего абсолютивный актант 1 или 2 лица		Мы, два друга, в аул приехали	-м-ins	11	Нешукай	Тэ *(зэ)ныбджэгъуит1умджэ чылэм тыкъэк1уагъ					
15	c	падеж имени, выражающего абсолютивный актант 1 или 2 лица		Мы, два друга, в аул приехали	-м-ins	4	Панахес	Тэ шъэогъуит1умгье чылэм тыкъэк1уагъ					
15	c	падеж имени, выражающего абсолютивный актант 1 или 2 лица		Мы, два друга, в аул приехали	-м-ins	9	Псекупс	*Тэ ныбджэгъуит1умджэ чэлэм тыкъэк1агъ					
		падеж имени, выражающего абсолютивный актант 1 или 2 лица		Мы, два друга, в аул приехали	-р	16	Джамбечий	Тэ к1элит1ур къуаджэм тыкъэк1уагъ					
		падеж имени, выражающего абсолютивный актант 1 или 2 лица		Мы, два друга, в аул приехали	-р	14	Уляп	Дэ зэныбжьэгъуит1ыр жьылэм дыкъэк1уа					
15	a	падеж имени, выражающего абсолютивный актант 1 или 2 лица		Мы, два друга, в аул приехали	-р	5	Адамий	*					
15	a	падеж имени, выражающего абсолютивный актант 1 или 2 лица		Мы, два друга, в аул приехали	-р	7	Гатлукай	Тэ ч1элит1ур чылэм тыкъэк1агъ					
		падеж имени, выражающего абсолютивный актант 1 или 2 лица		Мы, два друга, в аул приехали	-р	17	Натухай	Тэ зэшъэгъогъумт1ур чылэм тыкъэк1уагъ			шъэгъогъум — дружба		
15	a	падеж имени, выражающего абсолютивный актант 1 или 2 лица		Мы, два друга, в аул приехали	-р	11	Нешукай	*Тэ *(зэ)ныбджэгъуит1ур чылэм тыкъэк1уагъ		Тэ *(зэ)ныбджэгъуит1ур чылэм тыщы1агъ — Мы бывали в ауле (может по отдельности)			
15	a	падеж имени, выражающего абсолютивный актант 1 или 2 лица		Мы, два друга, в аул приехали	-р	4	Панахес	*Тэ шъэогъуит1ур чылэм тыкъэк1уагъ		Зэшъэогъуит1ум чылэм тыкъэк1уагъ			
15	a	падеж имени, выражающего абсолютивный актант 1 или 2 лица		Мы, два друга, в аул приехали	-р	9	Псекупс	Тэ ныбджэгъуит1ур чэлэм тыкъэк1агъ					
		позиция -n MOD в эпистемической конструкции с faje		Наверное, идут	к1онхэ фай	16	Джамбечий	*к1онхэ фай — должны идти		ахэр арымк1и мэхъу къак1охэрэр		?	
		позиция -n MOD в эпистемической конструкции с faje		Наверное, идут	к1онхэ фай	14	Уляп	къок1онхэ хуе	мэк1онхэ хуе — отсюда куда-то наверное идут // *мэк1охэн хуе	мэк1охэнхэ хуе — "наверное, уже идут" // къак1оху щтын			
16	b	позиция -n MOD в эпистемической конструкции с faje		Наверное, идут	к1онхэ фай	5	Адамий	*					
16	b	позиция -n MOD в эпистемической конструкции с faje		Наверное, идут	к1онхэ фай	7	Гатлукай	*к1онхэ фай	должны идти				
		позиция -n MOD в эпистемической конструкции с faje		Наверное, идут	к1онхэ фай	17	Натухай	*мак1онхэ фай					
16	b	позиция -n MOD в эпистемической конструкции с faje		Наверное, идут	к1онхэ фай	11	Нешукай	*мак1онхэ фай					
16	b	позиция -n MOD в эпистемической конструкции с faje		Наверное, идут	к1онхэ фай	4	Панахес	*к1онхэ фай	(должны идти)				
16	b	позиция -n MOD в эпистемической конструкции с faje		Наверное, идут	к1онхэ фай	9	Псекупс	мак1онхэ фай		к1онхэ фай — должны идти			
		позиция -n MOD в эпистемической конструкции с faje		Наверное, идут	мак1охэн фай	16	Джамбечий	мак1охэн фай // мак1онхэ фай					
		позиция -n MOD в эпистемической конструкции с faje		Наверное, идут	мак1охэн фай	14	Уляп	*къэк1охэн хуе	*къок1охэн хуе	къэк1онхэ хуе — должны прийти			
16	a	позиция -n MOD в эпистемической конструкции с faje		Наверное, идут	мак1охэн фай	5	Адамий	да					
16	a	позиция -n MOD в эпистемической конструкции с faje		Наверное, идут	мак1охэн фай	7	Гатлукай	мак1охэн фай					
		позиция -n MOD в эпистемической конструкции с faje		Наверное, идут	мак1охэн фай	17	Натухай	мак1охэн фай		ашъыгъум мак1ох // мак1охэнгьыхум фай			
16	a	позиция -n MOD в эпистемической конструкции с faje		Наверное, идут	мак1охэн фай	11	Нешукай	къак1охэн фай		мак1охэн фай			
16	a	позиция -n MOD в эпистемической конструкции с faje		Наверное, идут	мак1охэн фай	4	Панахес	Мак1охэнэ фай	без разница -мэ или -нэ	къак1охэмэ фай			
16	a	позиция -n MOD в эпистемической конструкции с faje		Наверное, идут	мак1охэн фай	9	Псекупс	мак1охэн фай					
		показатель плюралиса в имперфективных формах		Они спали, когда мы пришли	impf-pl	16	Джамбечий	Ахэр чъыещтыгъэх тэ тыкъызэк1ом					
		показатель плюралиса в имперфективных формах		Они спали, когда мы пришли	impf-pl	14	Уляп	*Дэ дыкъыщык1ожьам, ахэр жеэтхэ					
18	a	показатель плюралиса в имперфективных формах		Они спали, когда мы пришли	impf-pl	5	Адамий	да					
18	a	показатель плюралиса в имперфективных формах		Они спали, когда мы пришли	impf-pl	7	Гатлукай	ахэр чъыетыгъэх тэ тыкъызэк1ом					
		показатель плюралиса в имперфективных формах		Они спали, когда мы пришли	impf-pl	17	Натухай	Тыкъэзэк1ом рэчиетыгъэх					
18	a	показатель плюралиса в имперфективных формах		Они спали, когда мы пришли	impf-pl	11	Нешукай	чъыетгъэх ахэр тыкъызэк1ом					
18	a	показатель плюралиса в имперфективных формах		Они спали, когда мы пришли	impf-pl	4	Панахес	тэ тэкъэзэк1ом ахэр чиещтыгъх					
18	a	показатель плюралиса в имперфективных формах		Они спали, когда мы пришли	impf-pl	9	Псекупс	Ахэр чъыетыгъэх тэ тыкъызэк1о					
		показатель плюралиса в имперфективных формах		Они спали, когда мы пришли	pl-impf	16	Джамбечий	Ахэр чъыехэщтыгъэ тэ тыкъызэк1ом					
		показатель плюралиса в имперфективных формах		Они спали, когда мы пришли	pl-impf	14	Уляп	Дэ дыкъыщык1ожьам, ахэр жеэхэт		Дэ дыкъыщык1ожьам, ахэр жеяхэт // жеижьахэт			
18	b	показатель плюралиса в имперфективных формах		Они спали, когда мы пришли	pl-impf	5	Адамий	*					
18	b	показатель плюралиса в имперфективных формах		Они спали, когда мы пришли	pl-impf	7	Гатлукай	*ахэр чъыехэтыгъ тэ тыкъызэк1ом					
		показатель плюралиса в имперфективных формах		Они спали, когда мы пришли	pl-impf	17	Натухай	*Тыкъэзэк1ом рэчиехэтыгъ					
18	b	показатель плюралиса в имперфективных формах		Они спали, когда мы пришли	pl-impf	11	Нешукай	*чъыехэтгъ ахэр тыкъызэк1ом					
18	b	показатель плюралиса в имперфективных формах		Они спали, когда мы пришли	pl-impf	4	Панахес	тэ тэкъэзэк1ом ахэр чиехэщтыгъ		тэ тэкъэзэк1ом ахэр чиехэущтыгъ			
18	b	показатель плюралиса в имперфективных формах		Они спали, когда мы пришли	pl-impf	9	Псекупс	*Ахэр чъыехэтыгъэ тэ тыкъызэк1о					
		показатель плюралиса в имперфективных формах		Они спали, когда мы пришли	pl-impf-pl	16	Джамбечий	Ахэр чъыехэщтыгъэх тэ тыкъызэк1ом					
		показатель плюралиса в имперфективных формах		Они спали, когда мы пришли	pl-impf-pl	14	Уляп	*Дэ дыкъыщык1ожьам, ахэр жеэхэтхэ					
18	c	показатель плюралиса в имперфективных формах		Они спали, когда мы пришли	pl-impf-pl	5	Адамий	*					
18	c	показатель плюралиса в имперфективных формах		Они спали, когда мы пришли	pl-impf-pl	7	Гатлукай	*ахэр чъыехэтыгъэх тэ тыкъызэк1ом					
		показатель плюралиса в имперфективных формах		Они спали, когда мы пришли	pl-impf-pl	17	Натухай	*Тыкъэзэк1ом рэчиехэтыгъ — уже спали					
18	c	показатель плюралиса в имперфективных формах		Они спали, когда мы пришли	pl-impf-pl	11	Нешукай	*чъыехэтгъэх ахэр тыкъызэк1ом					
18	c	показатель плюралиса в имперфективных формах		Они спали, когда мы пришли	pl-impf-pl	4	Панахес	тэ тэкъэзэк1ом ахэр чиехэщтыгъэх		тэ тэкъэзэк1ом ахэр чиехэущтыгъэх	сначала сказал с -эу, но можно и -хэ		
18	c	показатель плюралиса в имперфективных формах		Они спали, когда мы пришли	pl-impf-pl	9	Псекупс	*Ахэр чъыехэтыгъэх тэ тыкъызэк1о					
		превосходная степень		Самых чистых овец поймали	мэлым икъабзэ	16	Джамбечий	*мэлым икъабзэ къаубытыгъ		мэл къабзэ къаубытыгъ			
		превосходная степень		Самых чистых овец поймали	мэлым икъабзэ	14	Уляп	*Мэлым икъабзэ къаубыда		Мэлым / мэлхэм янахькъабзэр къаубыда // Анахь мэл къабзэхэр къаубыда			
20		превосходная степень		Самых чистых овец поймали	мэлым икъабзэ	5	Адамий	*		анахь мэлыкъабзэхэр къаубытыгъэх			
20		превосходная степень		Самых чистых овец поймали	мэлым икъабзэ	7	Гатлукай	*мэлым икъабзэ къауыбытыгъ					
		превосходная степень		Самых чистых овец поймали	мэлым икъабзэ	17	Натухай	мэлым икъабзэ къатубытыгъ	так есть	Анахькъабзэ мэл къатубытыгъ	Уверенно говорит, что такое есть. Сравнительное, чистых овец		
20		превосходная степень		Самых чистых овец поймали	мэлым икъабзэ	11	Нешукай	*мэлым икъабзэ ары къэтыубытыгъэхэр		нахь мэл къабзыхэр ары къэтыубытыгъэхэр			
20		превосходная степень		Самых чистых овец поймали	мэлым икъабзэ	4	Панахес	*мэлымэ якъабзэ	я смысл понимаю, но если правильно, то:	мэлымэ анахькъабзэ къатубытэгъэ			
20		превосходная степень		Самых чистых овец поймали	мэлым икъабзэ	9	Псекупс	*мэлым икъабзэ къауыбытыгъ					
		предикативная форма местоимений	чтобы без "вот" мары мыры	Это я	сэрары	16	Джамбечий	*Сэрары					
		предикативная форма местоимений	чтобы без "вот" мары мыры	Это я	сэрары	14	Уляп	*сэрара			сэррэ орэ - я с тобой		
21	b	предикативная форма местоимений	чтобы без "вот" мары мыры	Это я	сэрары	5	Адамий	*					
21	b	предикативная форма местоимений	чтобы без "вот" мары мыры	Это я	сэрары	7	Гатлукай	сэрары					
		предикативная форма местоимений	чтобы без "вот" мары мыры	Это я	сэрары	17	Натухай	*сэрары					
21	b	предикативная форма местоимений	чтобы без "вот" мары мыры	Это я	сэрары	11	Нешукай	*Сэрары					
21	b	предикативная форма местоимений	чтобы без "вот" мары мыры	Это я	сэрары	4	Панахес	*мыр сэрары					
21	b	предикативная форма местоимений	чтобы без "вот" мары мыры	Это я	сэрары	9	Псекупс	*сэрары					
		предикативная форма местоимений	чтобы без "вот" мары мыры	Это я	сэры	16	Джамбечий	ар сЭры		сэрЫ ар			
		предикативная форма местоимений	чтобы без "вот" мары мыры	Это я	сэры	14	Уляп	ар сэра					это то же?
21	a	предикативная форма местоимений	чтобы без "вот" мары мыры	Это я	сэры	5	Адамий	сэры					
21	a	предикативная форма местоимений	чтобы без "вот" мары мыры	Это я	сэры	7	Гатлукай	сэры					
		предикативная форма местоимений	чтобы без "вот" мары мыры	Это я	сэры	17	Натухай	сэры					
21	a	предикативная форма местоимений	чтобы без "вот" мары мыры	Это я	сэры	11	Нешукай	Сэры					
21	a	предикативная форма местоимений	чтобы без "вот" мары мыры	Это я	сэры	4	Панахес	мыр сэры					
21	a	предикативная форма местоимений	чтобы без "вот" мары мыры	Это я	сэры	9	Псекупс	сэры					
		префикс динамичности		Он идёт	макIо	16	Джамбечий	мак1о					
		префикс динамичности		Он идёт	макIо	14	Уляп	мак1о					
17	a	префикс динамичности		Он идёт	макIо	5	Адамий	макIо					
17	a	префикс динамичности		Он идёт	макIо	7	Гатлукай	макIо					
		префикс динамичности		Он идёт	макIо	17	Натухай	мак1о					
17	a	префикс динамичности		Он идёт	макIо	11	Нешукай	мак1о					
17	a	префикс динамичности		Он идёт	макIо	4	Панахес	ур мак1о					
17	a	префикс динамичности		Он идёт	макIо	9	Псекупс	мак1о					
		префикс динамичности	обьяснять, что видит не чем-то, а просто видит	Он идёт	ракIо	16	Джамбечий	*рак1о					
		префикс динамичности	обьяснять, что видит не чем-то, а просто видит	Он идёт	ракIо	14	Уляп	*рак1о		рок1о — идет по чему-то			
17	b	префикс динамичности	обьяснять, что видит не чем-то, а просто видит	Он идёт	ракIо	5	Адамий	*					
17	b	префикс динамичности	обьяснять, что видит не чем-то, а просто видит	Он идёт	ракIо	7	Гатлукай	*ракIо					
		префикс динамичности	обьяснять, что видит не чем-то, а просто видит	Он идёт	ракIо	17	Натухай	рэк1о	вроде бы просто идет, не через что-то, но не уверено. вроде бы рэк1ощт(э) - будет идти				
17	b	префикс динамичности	обьяснять, что видит не чем-то, а просто видит	Он идёт	ракIо	11	Нешукай	*рак1о	кажется, шапсугский				
17	b	префикс динамичности	обьяснять, что видит не чем-то, а просто видит	Он идёт	ракIо	4	Панахес	*рак1о					
17	b	префикс динамичности	обьяснять, что видит не чем-то, а просто видит	Он идёт	ракIо	9	Псекупс	*рак1о					
		присоединение имперфекта к конвербам		Они спали, когда мы пришли	adv-impf	16	Джамбечий	*Ахэр чъыеущтыгъэх тэ тыкъызэк1ом // *Ахэр чъыехэущтыгъэ тэ тыкъызэк1ом					
19		присоединение имперфекта к конвербам		Они спали, когда мы пришли	adv-impf	5	Адамий	*		зыщесытгъэм			
19		присоединение имперфекта к конвербам		Они спали, когда мы пришли	adv-impf	7	Гатлукай	*ахэр чъыеутыгъэх тэ тыкъызэк1ом					
		присоединение имперфекта к конвербам		Они спали, когда мы пришли	adv-impf	17	Натухай	*Тыкъэзэк1ом рэчиеутыгъэх					
19		присоединение имперфекта к конвербам		Они спали, когда мы пришли	adv-impf	11	Нешукай	*чъыеутгъэх ахэр тыкъызэк1ом					
19		присоединение имперфекта к конвербам		Они спали, когда мы пришли	adv-impf	4	Панахес	тэ тэкъэзэк1ом ахэр чиехэущтыгъэх		псым къысычыжь уаер къэйжьагъ / псым къысычыжьыризэ уаер къэйжьагъ "Когда он плыл обратно, начался дождь"			
		присоединяется ли числительное к имени, с которым сочинено другое имя?		Отец Аслана и Мурат вдвоем поехали в Краснодар	N-рэ N-ит1ур	16	Джамбечий	*Аслъан ятэрэ Муратит1ур къалэм к1уагъэх		Аслъан ятэрэ Муратэрэ къалэм к1уагъэх // Аслъан яти Мурати т1ури къалэм к1уагъэх			
		присоединяется ли числительное к имени, с которым сочинено другое имя?		Отец Аслана и Мурат вдвоем поехали в Краснодар	N-рэ N-ит1ур	14	Уляп	*Аслъан ядэрэ Муратит1 Краснодар к1уахэ		Аслъан ядэрэ Муратрэ нэбгырит1ри Краснодар к1уахэ			
6		присоединяется ли числительное к имени, с которым сочинено другое имя?		Отец Аслана и Мурат вдвоем поехали в Краснодар	N-рэ N-ит1ур	5	Адамий	*					
6		присоединяется ли числительное к имени, с которым сочинено другое имя?		Отец Аслана и Мурат вдвоем поехали в Краснодар	N-рэ N-ит1ур	7	Гатлукай	*Аслъаны ятэрэ Муратит1ур къалэм к1уагъэх		Аслъаны ятэрэ Муратрэ къалэм к1уагъэх			
		присоединяется ли числительное к имени, с которым сочинено другое имя?		Отец Аслана и Мурат вдвоем поехали в Краснодар	N-рэ N-ит1ур	17	Натухай	Аслъан ятэ Муратырэ рэк1уагъэх Краснодар	къалэ - не значит Краснодар, а про любой город так можно				
6		присоединяется ли числительное к имени, с которым сочинено другое имя?		Отец Аслана и Мурат вдвоем поехали в Краснодар	N-рэ N-ит1ур	11	Нешукай	*Аслъан ятэрэ Муратит1ур / Муратит1уе къалэм к1уагъэх		Аслъан ятэрэ Муратрэ (нэбгырит1уе) къалэм к1уагъэх			
6		присоединяется ли числительное к имени, с которым сочинено другое имя?		Отец Аслана и Мурат вдвоем поехали в Краснодар	N-рэ N-ит1ур	4	Панахес	*Асланы ятэрэ Муратит1ур Краснодар к1уагъэх		Асланы ятэрэ Муратрэ т1ури Краснодар к1уагъэх			
6		присоединяется ли числительное к имени, с которым сочинено другое имя?		Отец Аслана и Мурат вдвоем поехали в Краснодар	N-рэ N-ит1ур	9	Псекупс	*Аслъанэ ятэрэ Муратит1ур къалэм зэдежьагъэх		Аслъанэ ятэрэ Муратрэ т1ури къалэм зэдежьагъэх			
		релятивизация времени		Когда я прихожу, меня встречают дети	сызык1орэм	16	Джамбечий	*сызык1орэм		еджап1эм сызык1ок1э к1алэхэр къыспэгъок1ых, НО *сызэк1ок1э		?	
		релятивизация времени		Когда я прихожу, меня встречают дети	сызык1орэм	14	Уляп	*сэ сыкъыщок1ом		*сэ сыкъыщык1орэм			
22	a	релятивизация времени		Когда я прихожу, меня встречают дети	сызык1орэм	5	Адамий	сызык1орэм		сызыщышхэрэм			
22	a	релятивизация времени		Когда я прихожу, меня встречают дети	сызык1орэм	7	Гатлукай	сызэк1орэм	нет разницы	сызэк1ом		?	
		релятивизация времени		Когда я прихожу, меня встречают дети	сызык1орэм	17	Натухай	сызык1орэм, к1элэц1ык1ухэ къэспэгъуочыгъ	когда я пойду, когда я прихожу				
22	a	релятивизация времени		Когда я прихожу, меня встречают дети	сызык1орэм	11	Нешукай	*сыкъызык1орэм		сыкъызык1оджэ къэпфэсш1эт — когда прийду, тогда сделаю		?	
22	a	релятивизация времени		Когда я прихожу, меня встречают дети	сызык1орэм	4	Панахес	сызык1орэм	когда я пойду				
22	a	релятивизация времени		Когда я прихожу, меня встречают дети	сызык1орэм	9	Псекупс	сызык1орэм	когда я пойду				
		релятивизация времени		Когда я пришел, меня встретили дети	сызэк1ом	16	Джамбечий	сызэк1ом	когда пошла	еджап1эм сызэк1ом к1алэхэр къыспэгъок1ыгъых			
		релятивизация времени		Когда я пришел, меня встретили дети	сызэк1ом	14	Уляп	сэ сыкъыщык1ом		сэ сыкъыщык1ок1э — когда я прихожу			
22	b	релятивизация времени		Когда я пришел, меня встретили дети	сызэк1ом	5	Адамий	сызэк1ом					
22	b	релятивизация времени		Когда я пришел, меня встретили дети	сызэк1ом	7	Гатлукай	сызэк1ом	нет разницы	сызэк1орэм			
		релятивизация времени		Когда я пришел, меня встретили дети	сызэк1ом	17	Натухай	сызэк1ом	когда я пошел				
22	b	релятивизация времени		Когда я пришел, меня встретили дети	сызэк1ом	11	Нешукай	сызэк1ом	когда поехал				
22	b	релятивизация времени		Когда я пришел, меня встретили дети	сызэк1ом	4	Панахес	сызэк1ом	когда я пошел				
22	b	релятивизация времени		Когда я пришел, меня встретили дети	сызэк1ом	9	Псекупс	сызэк1ом	когда пришел				
		релятивизуется ли посессор эргатива	чтобы не релятивизовался эргатив (не должно быть префикса зы-): мары л1эу Зишы тичэур къутагъэр // мары Зишы тичэур къутагъэр лIыр	Вот человек, чья лошадь сломала забор	зишы ... къутагъэр ...	16	Джамбечий	*Мары зишэу замборыр ыкъутагъэр		Мары ц1ыфэу зиш замборыр зыкъутагъэр			
		релятивизуется ли посессор эргатива	чтобы не релятивизовался эргатив (не должно быть префикса зы-): мары л1эу Зишы тичэур къутагъэр // мары Зишы тичэур къутагъэр лIыр	Вот человек, чья лошадь сломала забор	зишы ... къутагъэр ...	14	Уляп	*Мис зи забор зишым икъутар		Мис зи забор шым зыкъутар			
5		релятивизуется ли посессор эргатива	чтобы не релятивизовался эргатив (не должно быть префикса зы-): мары л1эу Зишы тичэур къутагъэр // мары Зишы тичэур къутагъэр лIыр	Вот человек, чья лошадь сломала забор	зишы ... къутагъэр ...	5	Адамий	*	ужасно, но поймут	Зишы тичэур зыкъутагъэр зы лIы горэ тадий къэкIуагъ			
5		релятивизуется ли посессор эргатива	чтобы не релятивизовался эргатив (не должно быть префикса зы-): мары л1эу Зишы тичэур къутагъэр // мары Зишы тичэур къутагъэр лIыр	Вот человек, чья лошадь сломала забор	зишы ... къутагъэр ...	7	Гатлукай	*Мары цIыфэу зиш къэблачъы къутагъэр		Ма цIыфыр зиш къэблачъы зыкъутагъэр			
5		релятивизуется ли посессор эргатива	чтобы не релятивизовался эргатив (не должно быть префикса зы-): мары л1эу Зишы тичэур къутагъэр // мары Зишы тичэур къутагъэр лIыр	Вот человек, чья лошадь сломала забор	зишы ... къутагъэр ...	11	Нешукай	*Мары зиш / зишэу чэур къутагъэр ц1ыфыр		Мыра(ры) зишыр чэур зыкъутагъэр			
5		релятивизуется ли посессор эргатива	чтобы не релятивизовался эргатив (не должно быть префикса зы-): мары л1эу Зишы тичэур къутагъэр // мары Зишы тичэур къутагъэр лIыр	Вот человек, чья лошадь сломала забор	зишы ... къутагъэр ...	4	Панахес	*Мары зишы ш1ыхьыгъыр къутагъэр ц1ыфыр		Мы ц1ыфым йиш ш1ыхьыгъыр зыкъутагъэр			
5		релятивизуется ли посессор эргатива	чтобы не релятивизовался эргатив (не должно быть префикса зы-): мары л1эу Зишы тичэур къутагъэр // мары Зишы тичэур къутагъэр лIыр	Вот человек, чья лошадь сломала забор	зишы ... къутагъэр ...	9	Псекупс	*Мары к1алэу зиш чэур къутагъэр		Мары к1алэр зиш чэур зыкъутагъэр			
		сентенциальный актант глагола ‘хотеть’		Он хочет плясать	-н-ins	16	Джамбечий	*къэшъонк1э фай					
		сентенциальный актант глагола ‘хотеть’		Он хочет плясать	-н-ins	14	Уляп	*Ар къэфэнк1э хуе		къэфэнк1э — в танцах (победил)			
11	a	сентенциальный актант глагола ‘хотеть’		Он хочет плясать	-н-ins	5	Адамий	*					
11	a	сентенциальный актант глагола ‘хотеть’		Он хочет плясать	-н-ins	7	Гатлукай	мыр къеш1энджэ фай					
		сентенциальный актант глагола ‘хотеть’		Он хочет плясать	-н-ins	17	Натухай	Ар къэшъонгьэ фай					
11	a	сентенциальный актант глагола ‘хотеть’		Он хочет плясать	-н-ins	11	Нешукай	*къэшъонджэ фай					
11	a	сентенциальный актант глагола ‘хотеть’		Он хочет плясать	-н-ins	4	Панахес	*кэш1энгье фай					
11	a	сентенциальный актант глагола ‘хотеть’		Он хочет плясать	-н-ins	9	Псекупс	*ур къэшъонджэ фай					
		сентенциальный актант глагола ‘хотеть’		Он хочет плясать	-н-эу	16	Джамбечий	къэшъонэу фай					
		сентенциальный актант глагола ‘хотеть’		Он хочет плясать	-н-эу	14	Уляп	Ар къэфэну хуе					
11	b	сентенциальный актант глагола ‘хотеть’		Он хочет плясать	-н-эу	5	Адамий	къэшъонэу фай					
11	b	сентенциальный актант глагола ‘хотеть’		Он хочет плясать	-н-эу	7	Гатлукай	мыр къеш1энэу фай					
		сентенциальный актант глагола ‘хотеть’		Он хочет плясать	-н-эу	17	Натухай	*Ар къэшъонэу фай					
11	b	сентенциальный актант глагола ‘хотеть’		Он хочет плясать	-н-эу	11	Нешукай	къэшъонэу фай					
11	b	сентенциальный актант глагола ‘хотеть’		Он хочет плясать	-н-эу	4	Панахес	кэш1энэу фай					
11	b	сентенциальный актант глагола ‘хотеть’		Он хочет плясать	-н-эу	9	Псекупс	ур къэшъонэу фай					
		скалярный модификатор "очень"		Она жила в очень маленьком домике	дэд	16	Джамбечий	Ар унэ ц1ык1у дэдэм щыпсэущтыгъэ					
		скалярный модификатор "очень"		Она жила в очень маленьком домике	дэд	14	Уляп	Ар унэ ц1ык1 [k'] дидэм щыпсот		Ар унэ ц1ык1 [k'] нит1эм щыпсот			
25	b	скалярный модификатор "очень"		Она жила в очень маленькой комнатке	дэд	5	Адамий	уныцIыкIудэдэм					
25	b	скалярный модификатор "очень"		Она жила в очень маленьком домике	дэд	7	Гатлукай	мамы унэц1ык1удэдэм исыгъ					
		скалярный модификатор "очень"		Она жила в очень маленьком домике	дэд	17	Натухай	*Ар уныц1ык1удэдэм есыгъ		Ар уныц1ык1ужьием есыгъ			
25	b	скалярный модификатор "очень"		Она жила в очень маленьком домике	дэд	11	Нешукай	ар унэ ц1ык1удэд зэрысыгъэр					
25	b	скалярный модификатор "очень"		Она жила в очень маленьком домике	дэд	4	Панахес	Унэ зырисэгъэр ц1ык1у дэдэгъ	это одно и то же				
25	b	скалярный модификатор "очень"		Она жила в очень маленьком домике	дэд	9	Псекупс	ар унэц1ык1удэдэм исыгъ		ар унэц1ык1ужъыем исыгъ			
		скалярный модификатор "очень"		Она жила в очень маленьком домике	н'ау	16	Джамбечий	*Ар унэ ц1ык1у науэм щыпсэущтыгъэ					
		скалярный модификатор "очень"		Она жила в очень маленьком домике	н'ау	14	Уляп	*Ар унэ ц1ык1 [k'] науэм щыпсот					
25	a	скалярный модификатор "очень"		Она жила в очень маленькой комнатке	н'ау	5	Адамий	*					
25	a	скалярный модификатор "очень"		Она жила в очень маленьком домике	н'ау	7	Гатлукай	*мамы унэц1ык1унауэм исыгъ					
		скалярный модификатор "очень"		Она жила в очень маленьком домике	н'ау	17	Натухай	*Ар уныц1ык1унауэм есыгъ	Это Шенджийские				
25	a	скалярный модификатор "очень"		Она жила в очень маленьком домике	н'ау	11	Нешукай	*ар унэ ц1ык1унау зэрысыгъэр		ар унэ ц1ык1ужъый зэрысыгъэр			
25	a	скалярный модификатор "очень"		Она жила в очень маленьком домике	н'ау	4	Панахес	Унэ зырисэгъэр ц1ык1у науэгъ	это одно и то же				
25	a	скалярный модификатор "очень"		Она жила в очень маленьком домике	н'ау	9	Псекупс	*ар унэц1ык1унауэм исыгъ					
		скалярный модификатор "очень"		Она жила в очень маленьком домике	набз	16	Джамбечий	Ар унэ ц1ык1у (жъые) набзэм щыпсэущтыгъэ					
		скалярный модификатор "очень"		Она жила в очень маленьком домике	набз	14	Уляп	*Ар унэ ц1ык1 [k'] набз щыпсот					
25	c	скалярный модификатор "очень"		Она жила в очень маленькой комнатке	набз	5	Адамий	*					
25	c	скалярный модификатор "очень"		Она жила в очень маленьком домике	набз	7	Гатлукай	*мамы унэц1ык1унабзэм исыгъ					
		скалярный модификатор "очень"		Она жила в очень маленьком домике	набз	17	Натухай	Ар уныц1ык1унабзэм есыгъ	наше, ваше - все смешалось				
25	c	скалярный модификатор "очень"		Она жила в очень маленьком домике	набз	11	Нешукай	ар унэ ц1ык1у*(жъые)набз зэрысыгъэр					
25	c	скалярный модификатор "очень"		Она жила в очень маленьком домике	набз	4	Панахес	Унэ зырисэгъэр ц1ык1у нэбзагъ	это одно и то же				
25	c	скалярный модификатор "очень"		Она жила в очень маленьком домике	набз	9	Псекупс	*ар унэц1ык1унабзэм исыгъ					
		скалярный модификатор "очень"		Она жила в очень маленьком домике	ныбз	16	Джамбечий	*Ар унэ ц1ык1у (жъые) ныбзэм щыпсэущтыгъэ					
25	d	скалярный модификатор "очень"		Она жила в очень маленькой комнатке	ныбз	5	Адамий	да					
25	d	скалярный модификатор "очень"		Она жила в очень маленьком домике	ныбз	7	Гатлукай	*мамы унэц1ык1уныбзэм исыгъ					
		скалярный модификатор "очень"		Она жила в очень маленьком домике	ныбз	17	Натухай	Ар уныц1ык1уныбзэм есыгъ	наше, ваше - все смешалось				
25	d	скалярный модификатор "очень"		Она жила в очень маленьком домике	ныбз	11	Нешукай	*ар унэ ц1ык1у*(жъые)набз зэрысыгъэр					
25	d	скалярный модификатор "очень"		Она жила в очень маленьком домике	ныбз	4	Панахес	Унэ зырисэгъэр ц1ык1у ныбзагъ	это одно и то же				
25	d	скалярный модификатор "очень"		Она жила в очень маленьком домике	ныбз	9	Псекупс	*ар унэц1ык1уныбзэм исыгъ					
		сравнительная форма местоимений		Мой сын выше меня	сэй нахь	16	Джамбечий	Сик1алэ сэй нахьи нахь лъаг					
1	b	сравнительная форма местоимений		Мой сын выше меня	сэй нахь	5	Адамий	Сык1алэ сэй нахь ин					
1	b	сравнительная форма местоимений		Мой сын выше меня	сэй нахь	7	Гатлукай	сикIалэ сэй нахьи нахь ин					
		сравнительная форма местоимений		Мой сын выше меня	сэй нахь	17	Натухай	Сищао сэй нахь ин					
1	b	сравнительная форма местоимений		Мой сын выше меня	сэй нахь	11	Нешукай	Сэ сик1алэ сэй нахь ин					
1	b	сравнительная форма местоимений		Мой сын выше меня	сэй нахь	4	Панахес	Сэ сикIалэ сэй нахь атогъ					
1	b	сравнительная форма местоимений		Мой сын выше меня	сэй нахь	9	Псекупс	Сэ сик1алэ сэй нахьи нахь лъэпэлъаг / ин					
		сравнительная форма местоимений		Мой сын выше меня	сэйни	14	Уляп	*Сикъор сэйни нахьри нахь лъагэ					
1	a	сравнительная форма местоимений		Мой сын выше меня	сэйни	7	Гатлукай	*сикIалэ сэйни нахь ин					
		сравнительная форма местоимений		Мой сын выше меня	сэйни	17	Натухай	*Сищао сэйни нахь ин	это в другой стороне				
1	a	сравнительная форма местоимений		Мой сын выше меня	сэйни	4	Панахес	*Сэ сикIалэ сэйни нахь атогъ					
		сравнительная форма местоимений		Мой сын выше меня	сэйни	16	Джамбечий	Сик1алэ сэйни нахь лъаг					
1	a	сравнительная форма местоимений		Мой сын выше меня	сэйни	5	Адамий	Сык1алэ сэйни нахь ин	так не все				
1	a	сравнительная форма местоимений		Мой сын выше меня	сэйни	11	Нешукай	Сэ сик1алэ сэйни нахь ин					
1	a	сравнительная форма местоимений		Мой сын выше меня	сэйни	9	Псекупс	Сэ сик1алэ сэйни нахьи нахь лъаг					
		сравнительная форма местоимений		Мой сын выше меня	сэщ нахь	16	Джамбечий	Сик1алэ сэщ нахьи нахь лъаг	реже				
		сравнительная форма местоимений		Мой сын выше меня	сэщ нахь	14	Уляп	Сикъор сэ нахьри нахь лъагэ					
1	c	сравнительная форма местоимений		Мой сын выше меня	сэщ нахь	7	Гатлукай	*сэщ					
		сравнительная форма местоимений		Мой сын выше меня	сэщ нахь	17	Натухай	Сищао сэщ нахь ин					
1	c	сравнительная форма местоимений		Мой сын выше меня	сэщ нахь	11	Нешукай	Сэ сик1алэ сэщ нахь ин					
1	c	сравнительная форма местоимений		Мой сын выше меня	сэщ нахь	4	Панахес	Сэ сикIалэ сэщ нахь атогъ					
1	c	сравнительная форма местоимений		Мой сын выше меня	сэщ нахь	9	Псекупс	Сэ сик1алэ сэщ нахьи нахь лъэпэлъаг / ин					
		эргатив плюралиса		Кому ты дал книгу? — Я дал книгу друзьям	-мэ	16	Джамбечий	Тхылъэр синыбджэгъумэ ястыгъ					
		эргатив плюралиса		Кому ты дал книгу? — Я дал книгу друзьям	-мэ	14	Уляп	*Хэти о тхылъыр зэптар? Сэ тхылъыр сидругмэ яста					
13	c	эргатив плюралиса		Кому ты дал книгу? — Я дал книгу друзьям	-мэ	5	Адамий	да (в тексте)					
13	c	эргатив плюралиса		Кому ты дал книгу? — Я дал книгу друзьям	-мэ	7	Гатлукай	Хэт тхылъэр зэптыгъэр? Сипшъэшъэгъумэ ястыгъ					
		эргатив плюралиса		Кому ты дал книгу? — Я дал книгу друзьям	-мэ	17	Натухай	Хэты тхылъхэ(р) ептыгъ? шъэугъомэ тхылъхэ ястыгъ					
13	c	эргатив плюралиса		Кому ты дал книгу? — Я дал книгу друзьям	-мэ	11	Нешукай	Хэт ептыгъ тхылъэ? — Синыбджэгъумэ ястыгъ тхылъэ					
13	c	эргатив плюралиса		Кому ты дал книгу? — Я дал книгу друзьям	-мэ	4	Панахес	Хэт тхылъэр зэптыгъэр? Тхылъэр сишаогъэмэ ястэгъ					
13	c	эргатив плюралиса		Кому ты дал книгу? — Я дал книгу друзьям	-мэ	9	Псекупс	Хэт тхылъэр зэптыгъэр? Сипшъэшъэгъумэ ястыгъ					
		эргатив плюралиса		Кому ты дал книгу? — Я дал книгу друзьям	-хэм	16	Джамбечий	Тхылъэр синыбджэгъухэм ястыгъ					
		эргатив плюралиса		Кому ты дал книгу? — Я дал книгу друзьям	-хэм	14	Уляп	Хэти о тхылъыр зэптар? Сэ тхылъыр сидругхэм яста					
13	a	эргатив плюралиса		Кому ты дал книгу? — Я дал книгу друзьям	-хэм	5	Адамий	да (в тексте)					
13	a	эргатив плюралиса		Кому ты дал книгу? — Я дал книгу друзьям	-хэм	7	Гатлукай	Хэт тхылъэр зэптыгъэр? Сипшъэшъэгъухэм ястыгъ					
		эргатив плюралиса		Кому ты дал книгу? — Я дал книгу друзьям	-хэм	17	Натухай	Хэты тхылъхэ(р) ептыгъ? шъэугъомэ тхылъхэ ястыгъ					
13	a	эргатив плюралиса		Кому ты дал книгу? — Я дал книгу друзьям	-хэм	11	Нешукай	Хэт ептыгъ тхылъэ? — Синыбджэгъухэм ястыгъ тхылъэ					
13	a	эргатив плюралиса		Кому ты дал книгу? — Я дал книгу друзьям	-хэм	4	Панахес	Хэт тхылъэр зэптыгъэр? Тхылъэр сишаогъэхэм ястэгъ	так мы в народе говорим			про то, какие бывают слова для друзей шаогъ	
13	a	эргатив плюралиса		Кому ты дал книгу? — Я дал книгу друзьям	-хэм	9	Псекупс	Хэт тхылъэр зэптыгъэр? Сипшъэшъэгъухэм ястыгъ					
		эргатив плюралиса		Кому ты дал книгу? — Я дал книгу друзьям	-хэмэ	16	Джамбечий	Тхылъэр синыбджэгъухэмэ ястыгъ					
		эргатив плюралиса		Кому ты дал книгу? — Я дал книгу друзьям	-хэмэ	14	Уляп	*Хэти о тхылъыр зэптар? Сэ тхылъыр сидругхэмэ яста					
13	b	эргатив плюралиса		Кому ты дал книгу? — Я дал книгу друзьям	-хэмэ	5	Адамий	да (в тексте)					
13	b	эргатив плюралиса		Кому ты дал книгу? — Я дал книгу друзьям	-хэмэ	7	Гатлукай	Хэт тхылъэр зэптыгъэр? Сипшъэшъэгъухэмэ ястыгъ					
		эргатив плюралиса		Кому ты дал книгу? — Я дал книгу друзьям	-хэмэ	17	Натухай	Хэты тхылъхэ(р) ептыгъ? шъэугъохэмэ тхылъхэ ястыгъ					
13	b	эргатив плюралиса		Кому ты дал книгу? — Я дал книгу друзьям	-хэмэ	11	Нешукай	Хэт ептыгъ тхылъэ? — Синыбджэгъухэмэ ястыгъ тхылъэ					
13	b	эргатив плюралиса		Кому ты дал книгу? — Я дал книгу друзьям	-хэмэ	4	Панахес	Хэт тхылъэр зэптыгъэр? Тхылъэр сишаогъэхэмэ ястэгъ					
13	b	эргатив плюралиса		Кому ты дал книгу? — Я дал книгу друзьям	-хэмэ	9	Псекупс	Хэт тхылъэр зэптыгъэр? Сипшъэшъэгъухэмэ ястыгъ					
		эргатив плюралиса демонстративов		Кому ты дал книгу? — Я дал книгу им!	DEM-мэ	16	Джамбечий	*хэта о тхылъыр зэптыгъэр? Момэ ястыгъ					
12	d	эргатив плюралиса демонстративов		Кому ты дал книгу? — Я дал книгу им!	DEM-мэ	7	Гатлукай	*Хэт тхылъэр зэптыгъэр? Мамымэ ястыгъ					
		эргатив плюралиса демонстративов		Кому ты дал книгу? — Я дал книгу им!	DEM-мэ	17	Натухай	*Хэты тхылъхэ(р) ептыгъ? тхылъхэ уауымэ ястыгъ		Хэты тхылъхэ(р) ептыгъ? Сэры тхылъхэ уауыхэмэ заритыгъэхэр — несколько человек выдавали			
		эргатив плюралиса демонстративов		Кому ты дал книгу? — Я дал книгу им!	DEM-хэм	16	Джамбечий	хэта о тхылъыр зэптыгъэр? Мохэм ястыгъ					
		эргатив плюралиса демонстративов		Кому ты дал книгу? — Я дал книгу им!	DEM-хэм	14	Уляп	Хэти о тхылъыр зэптар? Сэ тхылъыр мохэм яста					
		эргатив плюралиса демонстративов		Кому ты дал книгу? — Я дал книгу им!	DEM-хэм	17	Натухай	Хэты тхылъхэ(р) ептыгъ? тхылъхэ уауыхэм ястыгъ					
		эргатив плюралиса демонстративов		Кому ты дал книгу? — Я дал книгу им!	DEM-хэмэ	16	Джамбечий	хэта о тхылъыр зэптыгъэр? Мохэмэ ястыгъ					
12	a	эргатив плюралиса демонстративов		Кому ты дал книгу? — Я дал книгу им!	DEM-хэмэ	7	Гатлукай	Хэт тхылъэр зэптыгъэр? Мамыхэмэ ястыгъ					
		эргатив плюралиса демонстративов		Кому ты дал книгу? — Я дал книгу им!	DEM-хэмэ	17	Натухай	Хэты тхылъхэ(р) ептыгъ? тхылъхэ уауыхэмэ ястыгъ					
		эргатив плюралиса демонстративов		Кому ты дал книгу? — Я дал книгу им!	DEM-щмэ	16	Джамбечий	*хэта о тхылъыр зэптыгъэр? Мощмэ ястыгъ					
12	b	эргатив плюралиса демонстративов		Кому ты дал книгу? — Я дал книгу им!	DEM-щмэ	7	Гатлукай	*Хэт тхылъэр зэптыгъэр? Мамыщмэ ястыгъ					
		эргатив плюралиса демонстративов		Кому ты дал книгу? — Я дал книгу им!	DEM-щхэм	16	Джамбечий	*мыщхэм					
		эргатив плюралиса демонстративов		Кому ты дал книгу? — Я дал книгу им!	DEM-щхэм	14	Уляп	Хэти о тхылъыр зэптар? Сэ тхылъыр мобыхэм яста					не -щ, а -б
		эргатив плюралиса демонстративов		Кому ты дал книгу? — Я дал книгу им!	DEM-щхэм	17	Натухай	*Хэты тхылъхэ(р) ептыгъ? тхылъхэ уауыщхэм ястыгъ					
		эргатив плюралиса демонстративов		Кому ты дал книгу? — Я дал книгу им!	DEM-щхэм	17	Натухай	*Хэты тхылъхэ(р) ептыгъ? тхылъхэ уауыщхэм ястыгъ					
		эргатив плюралиса демонстративов		Кому ты дал книгу? — Я дал книгу им!	DEM-щхэмэ	16	Джамбечий	*хэта о тхылъыр зэптыгъэр? Мощхэмэ ястыгъ					
12	c	эргатив плюралиса демонстративов		Кому ты дал книгу? — Я дал книгу им!	DEM-щхэмэ	7	Гатлукай	*Хэт тхылъэр зэптыгъэр? Мамыщхэмэ ястыгъ					
		эргатив плюралиса демонстративов		Кому ты дал книгу? — Я дал книгу им!	DEM-щхэмэ	17	Натухай	*Хэты тхылъхэ(р) ептыгъ? тхылъхэ уауыщхэмэ ястыгъ					
		эргатив плюралиса на -š'-me указательных местоимений	ар	Кому ты дал книгу? — Я дал книгу им!	аймэ	16	Джамбечий	хэта о тхылъыр зэптыгъэр? Аймэ ястыгъ					
		эргатив плюралиса на -š'-me указательных местоимений	ар	Кому ты дал книгу? — Я дал книгу им!	аймэ	17	Натухай	*Хэты тхылъхэ(р) ептыгъ? тхылъхэ аймэ ястыгъ					
12	e	эргатив плюралиса на -š'-me указательных местоимений	ар	Кому ты дал книгу? — Я дал книгу им!	аймэ	4	Панахес	*Хэт тхылъэр зэптыгъэр? Тхылъэр аймэ ястэгъ					
		эргатив плюралиса на -š'-me указательных местоимений	ар	Кому ты дал книгу? — Я дал книгу им!	айхэмэ	16	Джамбечий	*хэта о тхылъыр зэптыгъэр? Айхэмэ ястыгъ					
		эргатив плюралиса на -š'-me указательных местоимений	ар	Кому ты дал книгу? — Я дал книгу им!	айхэмэ	17	Натухай	*Хэты тхылъхэ(р) ептыгъ? тхылъхэ айхэмэ ястыгъ					
		эргатив плюралиса на -š'-me указательных местоимений	ар	Кому ты дал книгу? — Я дал книгу им!	амэ	16	Джамбечий	*хэта о тхылъыр зэптыгъэр? Амэ ястыгъ					
12	d	эргатив плюралиса на -š'-me указательных местоимений	ар	Кому ты дал книгу? — Я дал книгу им!	амэ	5	Адамий	*					
		эргатив плюралиса на -š'-me указательных местоимений	ар	Кому ты дал книгу? — Я дал книгу им!	амэ	17	Натухай	*Хэты тхылъхэ(р) ептыгъ? тхылъхэ амэ ястыгъ					
12	d	эргатив плюралиса на -š'-me указательных местоимений	ар	Кому ты дал книгу? — Я дал книгу им!	амэ	11	Нешукай	*Хэт ептыгъ тхылъэ? — Амэ ястыгъ тхылъэ					
12	d	эргатив плюралиса на -š'-me указательных местоимений	ар	Кому ты дал книгу? — Я дал книгу им!	амэ	4	Панахес	*Хэт тхылъэр зэптыгъэр? Тхылъэр амэ ястэгъ					
12	d	эргатив плюралиса на -š'-me указательных местоимений	ар	Кому ты дал книгу? — Я дал книгу им!	амэ	9	Псекупс	*Хэт тхылъэр зэптыгъэр? Амэ ястыгъ					
		эргатив плюралиса на -š'-me указательных местоимений	ар	Кому ты дал книгу? — Я дал книгу им!	ахэм	16	Джамбечий	хэта о тхылъыр зэптыгъэр? Ахэм ястыгъ					
		эргатив плюралиса на -š'-me указательных местоимений	ар	Кому ты дал книгу? — Я дал книгу им!	ахэм	14	Уляп	Хэти о тхылъыр зэптар? Сэ тхылъыр ахэм яста					
		эргатив плюралиса на -š'-me указательных местоимений	ар	Кому ты дал книгу? — Я дал книгу им!	ахэм	17	Натухай	Хэты тхылъхэ(р) ептыгъ? тхылъхэ ахэм ястыгъ					
		эргатив плюралиса на -š'-me указательных местоимений	ар	Кому ты дал книгу? — Я дал книгу им!	ахэмэ	16	Джамбечий	хэта о тхылъыр зэптыгъэр? Ахэмэ ястыгъ					
		эргатив плюралиса на -š'-me указательных местоимений	ар	Кому ты дал книгу? — Я дал книгу им!	ахэмэ	14	Уляп	*Хэти о тхылъыр зэптар? Сэ тхылъыр абыхэмэ яста					не -щ, а -б
12	a	эргатив плюралиса на -š'-me указательных местоимений	ар	Кому ты дал книгу? — Я дал книгу им!	ахэмэ	5	Адамий	да		ахэмэ анахь мэлыкъабзэхэр къаубытыгъэх			
		эргатив плюралиса на -š'-me указательных местоимений	ар	Кому ты дал книгу? — Я дал книгу им!	ахэмэ	17	Натухай	Хэты тхылъхэ(р) ептыгъ? тхылъхэ ахэмэ ястыгъ					
12	a	эргатив плюралиса на -š'-me указательных местоимений	ар	Кому ты дал книгу? — Я дал книгу им!	ахэмэ	11	Нешукай	Хэт ептыгъ тхылъэ? — Ахэмэ ястыгъ тхылъэ		Тхылъыр хэт ептыгъ?			
12	a	эргатив плюралиса на -š'-me указательных местоимений	ар	Кому ты дал книгу? — Я дал книгу им!	ахэмэ	4	Панахес	Хэт тхылъэр зэптыгъэр? Тхылъэр ахэмэ ястэгъ					
12	a	эргатив плюралиса на -š'-me указательных местоимений	ар	Кому ты дал книгу? — Я дал книгу им!	ахэмэ	9	Псекупс	Хэт тхылъэр зэптыгъэр? Ахэмэ ястыгъ					
		эргатив плюралиса на -š'-me указательных местоимений	ар	Кому ты дал книгу? — Я дал книгу им!	ащмэ	16	Джамбечий	*хэта о тхылъыр зэптыгъэр? Ащмэ ястыгъ					
		эргатив плюралиса на -š'-me указательных местоимений	ар	Кому ты дал книгу? — Я дал книгу им!	ащмэ	14	Уляп	*Хэти о тхылъыр зэптар? Сэ тхылъыр абымэ яста					не -щ, а -б
12	b	эргатив плюралиса на -š'-me указательных местоимений	ар	Кому ты дал книгу? — Я дал книгу им!	ащмэ	5	Адамий	*					
		эргатив плюралиса на -š'-me указательных местоимений	ар	Кому ты дал книгу? — Я дал книгу им!	ащмэ	17	Натухай	*Хэты тхылъхэ(р) ептыгъ? тхылъхэ ащмэ ястыгъ					
12	b	эргатив плюралиса на -š'-me указательных местоимений	ар	Кому ты дал книгу? — Я дал книгу им!	ащмэ	11	Нешукай	*Хэт ептыгъ тхылъэ? — Ащмэ ястыгъ тхылъэ					
12	b	эргатив плюралиса на -š'-me указательных местоимений	ар	Кому ты дал книгу? — Я дал книгу им!	ащмэ	4	Панахес	Хэт тхылъэр зэптыгъэр? Тхылъэр ащмэ ястэгъ					
12	b	эргатив плюралиса на -š'-me указательных местоимений	ар	Кому ты дал книгу? — Я дал книгу им!	ащмэ	9	Псекупс	*Хэт тхылъэр зэптыгъэр? Ащмэ ястыгъ					
		эргатив плюралиса на -š'-me указательных местоимений	ар	Кому ты дал книгу? — Я дал книгу им!	ащхэм	14	Уляп	Хэти о тхылъыр зэптар? Сэ тхылъыр абыхэм яста					не -щ, а -б
		эргатив плюралиса на -š'-me указательных местоимений	ар	Кому ты дал книгу? — Я дал книгу им!	ащхэмэ	16	Джамбечий	*хэта о тхылъыр зэптыгъэр? Ащхэмэ ястыгъ					
12	c	эргатив плюралиса на -š'-me указательных местоимений	ар	Кому ты дал книгу? — Я дал книгу им!	ащхэмэ	5	Адамий	*					
		эргатив плюралиса на -š'-me указательных местоимений	ар	Кому ты дал книгу? — Я дал книгу им!	ащхэмэ	17	Натухай	*Хэты тхылъхэ(р) ептыгъ? тхылъхэ ащхэмэ ястыгъ					
12	c	эргатив плюралиса на -š'-me указательных местоимений	ар	Кому ты дал книгу? — Я дал книгу им!	ащхэмэ	11	Нешукай	*Хэт ептыгъ тхылъэ? — Ащхэмэ ястыгъ тхылъэ					
12	c	эргатив плюралиса на -š'-me указательных местоимений	ар	Кому ты дал книгу? — Я дал книгу им!	ащхэмэ	4	Панахес	*Хэт тхылъэр зэптыгъэр? Тхылъэр ащхэмэ ястэгъ					
12	c	эргатив плюралиса на -š'-me указательных местоимений	ар	Кому ты дал книгу? — Я дал книгу им!	ащхэмэ	9	Псекупс	*Хэт тхылъэр зэптыгъэр? Ащхэмэ ястыгъ					